{"meta": {"clock": 1606821264.7104461}, "data": {"/cpu/per": {"std": [7.2913114199176965, 7.581300093724768, 7.369072005498536, 6.560115175140685, 8.561931246317426, 8.086916731500468, 7.317323432937907, 7.241401030801216, 7.218063760070599, 7.929803136130032, 7.947473393056016, 7.601089103250634], "num": 10, "min": [76.0, 75.6, 77.4, 75.3, 67.7, 74.2, 71.6, 73.6, 74.5, 70.4, 69.5, 73.2], "max": [98.0, 99.5, 97.0, 97.5, 97.5, 98.5, 95.5, 97.5, 97.0, 96.0, 97.0, 95.5], "sum": [835.9, 824.5, 836.1, 823.1999999999999, 820.0, 836.6, 810.1, 806.7, 813.6000000000001, 814.2, 811.3, 822.1]}}}
{"meta": {"clock": 1606821264.7105105}, "data": {"/cpu/all/total": {"std": 7.271374621685291, "num": 10, "min": 74.9, "max": 97.3, "sum": 821.2}}}
{"meta": {"clock": 1606821264.710554}, "data": {"/cpu/memory/total": {"std": 0.0, "num": 10, "min": 32107.05078125, "max": 32107.05078125, "sum": 321070.5078125}}}
{"meta": {"clock": 1606821264.7105985}, "data": {"/cpu/memory/used": {"std": 1242.603589945892, "num": 10, "min": 22753.4296875, "max": 26308.74609375, "sum": 254814.3515625}}}
{"meta": {"clock": 1606821264.7106514}, "data": {"/cpu/memory/mem": {"std": 531.4726903939938, "num": 10, "min": 502.77734375, "max": 2217.234375, "sum": 20042.84375}}}
{"meta": {"clock": 1606821284.7261477}, "data": {"/cpu/per": {"std": [3.618916351002815, 3.187632350193476, 3.150731837384949, 3.4684130216698343, 3.0899298805420594, 2.4360487132513016, 3.248059249596423, 2.6470948436183996, 4.0063283273674255, 3.178119639731086, 2.4392394078664967, 3.27727868139949], "num": 10, "min": [75.5, 74.5, 76.8, 74.7, 74.4, 75.1, 74.2, 75.6, 74.1, 73.1, 74.5, 70.8], "max": [87.6, 85.9, 87.2, 87.1, 83.2, 82.1, 86.0, 84.6, 88.6, 82.1, 82.5, 82.7], "sum": [790.1, 779.9, 789.6, 784.1, 784.1000000000001, 784.1000000000001, 773.9, 784.6, 782.8, 779.6000000000001, 776.1, 775.5]}}}
{"meta": {"clock": 1606821284.7261958}, "data": {"/cpu/all/total": {"std": 2.6380969571938673, "num": 10, "min": 74.9, "max": 84.8, "sum": 782.1999999999999}}}
{"meta": {"clock": 1606821284.726235}, "data": {"/cpu/memory/total": {"std": 0.0, "num": 10, "min": 32107.05078125, "max": 32107.05078125, "sum": 321070.5078125}}}
{"meta": {"clock": 1606821284.7262728}, "data": {"/cpu/memory/used": {"std": 11.206471303870487, "num": 10, "min": 26282.203125, "max": 26311.8125, "sum": 262904.98046875}}}
{"meta": {"clock": 1606821284.7263083}, "data": {"/cpu/memory/mem": {"std": 0.4754662082991545, "num": 10, "min": 2217.234375, "max": 2218.45703125, "sum": 22181.9765625}}}
{"meta": {"clock": 1606821304.7504568}, "data": {"/cpu/per": {"std": [2.4299291256239437, 1.807054079003849, 2.3845800934802344, 1.7004574547913716, 2.21017847444248, 2.7696770770454693, 1.8445113776342565, 3.5951201494371374, 2.3684031188404835, 1.885883229565276, 3.5406998680424113, 2.351264435244245], "num": 10, "min": [71.7, 73.5, 71.7, 75.6, 73.6, 72.3, 74.0, 69.0, 72.7, 76.2, 67.9, 75.0], "max": [80.6, 80.3, 81.2, 81.3, 81.8, 82.7, 80.4, 81.6, 80.5, 82.8, 80.7, 83.2], "sum": [773.3, 766.1, 776.1999999999999, 784.6, 794.4, 785.0, 771.0, 765.4000000000001, 771.4, 798.1, 774.1, 794.8]}}}
{"meta": {"clock": 1606821304.7504957}, "data": {"/cpu/all/total": {"std": 1.9454790898102423, "num": 10, "min": 72.8, "max": 79.3, "sum": 779.3999999999999}}}
{"meta": {"clock": 1606821304.7505274}, "data": {"/cpu/memory/total": {"std": 0.0, "num": 10, "min": 32107.05078125, "max": 32107.05078125, "sum": 321070.5078125}}}
{"meta": {"clock": 1606821304.7505596}, "data": {"/cpu/memory/used": {"std": 6.841899694082219, "num": 10, "min": 26283.91796875, "max": 26308.203125, "sum": 262897.64453125}}}
{"meta": {"clock": 1606821304.750594}, "data": {"/cpu/memory/mem": {"std": 0.6018049712004256, "num": 10, "min": 2218.45703125, "max": 2219.8203125, "sum": 22193.26953125}}}
{"meta": {"clock": 1606821324.7657897}, "data": {"/cpu/per": {"std": [1.8511557951122883, 2.4298148077579906, 2.4971984302413754, 1.7443559779407949, 2.147065180400653, 2.3876766950322246, 2.7402554625435935, 2.2904633204271563, 2.2704869766442437, 1.6546567284149587, 1.9793657794578754, 1.7599242407937152], "num": 10, "min": [73.2, 74.7, 73.1, 75.0, 74.9, 74.1, 73.2, 72.4, 72.9, 75.4, 73.5, 74.5], "max": [79.9, 82.3, 80.8, 80.4, 82.2, 82.7, 82.4, 80.6, 80.2, 81.2, 79.6, 80.4], "sum": [777.3000000000002, 772.8000000000001, 770.4, 774.5000000000001, 770.9, 777.0999999999999, 763.3000000000001, 755.1999999999999, 763.8, 775.7, 762.7, 773.2]}}}
{"meta": {"clock": 1606821324.7658374}, "data": {"/cpu/all/total": {"std": 1.562085500576425, "num": 10, "min": 74.8, "max": 80.6, "sum": 769.6999999999999}}}
{"meta": {"clock": 1606821324.7658744}, "data": {"/cpu/memory/total": {"std": 0.0, "num": 10, "min": 32107.05078125, "max": 32107.05078125, "sum": 321070.5078125}}}
{"meta": {"clock": 1606821324.7659125}, "data": {"/cpu/memory/used": {"std": 1.7936021390162773, "num": 10, "min": 26285.62890625, "max": 26291.71484375, "sum": 262880.15234375}}}
{"meta": {"clock": 1606821324.765952}, "data": {"/cpu/memory/mem": {"std": 0.07658641208220292, "num": 10, "min": 2219.8203125, "max": 2220.0625, "sum": 22200.3828125}}}
