{"initial_reset_timestamp": 1606804260.2268777, "timestamps": [1606805049.2017598, 1606805301.5759516, 1606805424.9933681], "episode_lengths": [1000, 1000, 1000], "episode_rewards": [804.5234649410612, 804.0514759788481, 804.6686004172639], "episode_types": ["t", "t", "t", "t", "t"]}