{"meta": {"clock": 1606802408.6194975}, "data": {"/cpu/per": {"std": [4.876929817461436, 4.745816871496173, 4.389330498176481, 5.516802616653159, 4.3553415480304185, 5.940828599147131, 3.8279672586548243, 4.885181675229699, 4.191525842564841, 5.460372392673105, 5.809341136862633, 5.983532958601187], "num": 10, "min": [81.1, 81.2, 81.9, 77.2, 80.1, 80.5, 83.1, 79.5, 81.4, 77.3, 75.9, 78.1], "max": [95.5, 96.5, 95.5, 94.5, 93.9, 98.0, 95.0, 95.5, 95.4, 94.5, 94.8, 94.4], "sum": [880.9999999999999, 881.5, 883.2, 860.2, 859.3000000000001, 873.7, 884.9999999999999, 879.5000000000001, 873.0, 843.2999999999998, 860.2, 845.4000000000001]}}}
{"meta": {"clock": 1606802408.6195457}, "data": {"/cpu/all/total": {"std": 4.539224113827777, "num": 10, "min": 80.9, "max": 94.7, "sum": 868.6999999999999}}}
{"meta": {"clock": 1606802408.6195805}, "data": {"/cpu/memory/total": {"std": 0.0, "num": 10, "min": 32107.05078125, "max": 32107.05078125, "sum": 321070.5078125}}}
{"meta": {"clock": 1606802408.6196141}, "data": {"/cpu/memory/used": {"std": 1289.1978503450464, "num": 10, "min": 24214.3046875, "max": 27885.18359375, "sum": 271179.12890625}}}
{"meta": {"clock": 1606802408.619651}, "data": {"/cpu/memory/mem": {"std": 573.0393675372908, "num": 10, "min": 506.015625, "max": 2350.421875, "sum": 21159.35546875}}}
{"meta": {"clock": 1606802428.646718}, "data": {"/cpu/per": {"std": [2.3314516222016453, 1.9759667113705235, 2.1019567603122162, 2.4604425979440725, 2.074179891480539, 2.47242570947822, 2.2326864734863423, 2.534670699628564, 2.607702266577057, 1.8487232831816014, 2.3645530467957556, 2.578888649528448], "num": 10, "min": [80.8, 81.1, 80.5, 79.0, 78.5, 77.2, 80.1, 79.7, 79.6, 78.9, 78.7, 76.6], "max": [87.1, 87.4, 87.2, 87.2, 85.6, 85.3, 86.8, 87.3, 87.4, 84.8, 85.9, 85.3], "sum": [844.7, 844.0, 842.6, 829.6, 825.9999999999999, 820.2, 834.6, 842.3000000000001, 838.7, 822.0, 820.9999999999999, 819.8]}}}
{"meta": {"clock": 1606802428.6467657}, "data": {"/cpu/all/total": {"std": 1.9863142864220766, "num": 10, "min": 80.0, "max": 85.7, "sum": 832.1}}}
{"meta": {"clock": 1606802428.6468055}, "data": {"/cpu/memory/total": {"std": 0.0, "num": 10, "min": 32107.05078125, "max": 32107.05078125, "sum": 321070.5078125}}}
{"meta": {"clock": 1606802428.6468444}, "data": {"/cpu/memory/used": {"std": 1.2319473451974217, "num": 10, "min": 27879.7734375, "max": 27884.00390625, "sum": 278822.05078125}}}
{"meta": {"clock": 1606802428.6468842}, "data": {"/cpu/memory/mem": {"std": 0.8263152558961598, "num": 10, "min": 2351.421875, "max": 2353.23046875, "sum": 23525.8984375}}}
{"meta": {"clock": 1606802448.6680503}, "data": {"/cpu/per": {"std": [1.1777568132306016, 1.8227268948839588, 1.388244294863918, 1.8583445440618516, 1.932212318676294, 1.5682970240217793, 2.191524076476863, 1.518186052132241, 1.4975906576156888, 1.8465884459968005, 1.1023207841237115, 2.039635043607341], "num": 10, "min": [81.7, 80.6, 82.0, 79.6, 78.8, 80.7, 80.3, 81.0, 80.8, 78.4, 80.0, 78.4], "max": [85.1, 86.3, 86.3, 84.8, 85.1, 85.4, 86.0, 85.9, 85.9, 84.2, 83.4, 84.9], "sum": [836.6, 836.7, 839.4999999999999, 817.3000000000001, 815.3000000000001, 822.8000000000001, 832.5000000000001, 836.6, 831.4999999999999, 818.9000000000001, 816.8000000000002, 816.3]}}}
{"meta": {"clock": 1606802448.668094}, "data": {"/cpu/all/total": {"std": 1.244052517648135, "num": 10, "min": 81.0, "max": 84.6, "sum": 826.9000000000001}}}
{"meta": {"clock": 1606802448.6681464}, "data": {"/cpu/memory/total": {"std": 0.0, "num": 10, "min": 32107.05078125, "max": 32107.05078125, "sum": 321070.5078125}}}
{"meta": {"clock": 1606802448.668185}, "data": {"/cpu/memory/used": {"std": 8.270648596147394, "num": 10, "min": 27863.15625, "max": 27884.515625, "sum": 278731.4375}}}
{"meta": {"clock": 1606802448.6682198}, "data": {"/cpu/memory/mem": {"std": 0.07847145402770501, "num": 10, "min": 2353.23046875, "max": 2353.4609375, "sum": 23532.65625}}}
{"meta": {"clock": 1606802468.7049305}, "data": {"/cpu/per": {"std": [1.5989232488007519, 2.0744209366042905, 1.2576874722194575, 2.1893682498230693, 2.37367506902974, 2.2519374374574013, 2.2677693396326233, 1.4022204613477263, 1.618675727596823, 2.175137288132001, 2.228103328942454, 1.8302701682781422], "num": 10, "min": [84.4, 82.8, 84.2, 79.5, 79.1, 80.2, 83.6, 84.1, 82.1, 78.8, 78.8, 81.0], "max": [89.1, 89.0, 88.4, 85.6, 87.3, 86.7, 91.0, 88.0, 87.8, 85.3, 84.6, 86.3], "sum": [866.9, 855.8999999999999, 862.8000000000001, 831.0, 832.1, 833.7, 864.5, 859.1999999999999, 858.7, 820.7, 816.0, 831.1]}}}
{"meta": {"clock": 1606802468.7049682}, "data": {"/cpu/all/total": {"std": 1.4803903389159045, "num": 10, "min": 81.7, "max": 86.3, "sum": 844.4000000000001}}}
{"meta": {"clock": 1606802468.7049987}, "data": {"/cpu/memory/total": {"std": 0.0, "num": 10, "min": 32107.05078125, "max": 32107.05078125, "sum": 321070.5078125}}}
{"meta": {"clock": 1606802468.7050288}, "data": {"/cpu/memory/used": {"std": 11.642725213689264, "num": 10, "min": 27832.94921875, "max": 27874.1953125, "sum": 278648.4609375}}}
{"meta": {"clock": 1606802468.7050579}, "data": {"/cpu/memory/mem": {"std": 0.07207592876528524, "num": 10, "min": 2353.4609375, "max": 2353.69140625, "sum": 23534.87109375}}}
{"meta": {"clock": 1606802488.7373838}, "data": {"/cpu/per": {"std": [2.8793517789020977, 2.2112088197283533, 2.719088899694981, 2.3454210709380074, 3.4471405219076567, 2.9608744954451853, 3.277685497759395, 2.4017586149412344, 3.1549079930236354, 3.0842971466590017, 2.4698178070456938, 2.708443587499408], "num": 10, "min": [84.2, 83.2, 84.3, 80.6, 79.3, 80.3, 82.8, 82.7, 82.5, 79.7, 80.3, 80.6], "max": [91.5, 90.9, 92.5, 87.8, 89.6, 90.9, 93.6, 90.5, 92.5, 90.0, 88.0, 89.8], "sum": [873.2, 867.4999999999999, 869.6999999999999, 836.9, 830.5, 838.3, 863.8999999999999, 864.2, 855.3000000000001, 829.2000000000002, 833.0, 831.6999999999999]}}}
{"meta": {"clock": 1606802488.7374244}, "data": {"/cpu/all/total": {"std": 2.4860499682115087, "num": 10, "min": 82.7, "max": 90.5, "sum": 849.4}}}
{"meta": {"clock": 1606802488.7374578}, "data": {"/cpu/memory/total": {"std": 0.0, "num": 10, "min": 32107.05078125, "max": 32107.05078125, "sum": 321070.5078125}}}
{"meta": {"clock": 1606802488.7374928}, "data": {"/cpu/memory/used": {"std": 16.123145728400942, "num": 10, "min": 27824.96484375, "max": 27878.171875, "sum": 278706.1171875}}}
{"meta": {"clock": 1606802488.737529}, "data": {"/cpu/memory/mem": {"std": 0.0037057941330098194, "num": 10, "min": 2353.69140625, "max": 2353.703125, "sum": 23536.92578125}}}
