{"meta": {"epoch": 2140, "episode": 52584, "frame": 52592640, "clock": 1606807499.0910935}, "data": {"/reward/eval/episodic": {"std": 0.0, "num": 1, "min": 831.800429, "max": 831.800429, "sum": 831.800429}}}
{"meta": {"epoch": 2140, "episode": 52584, "frame": 52592640, "clock": 1606807518.285098}, "data": {"/reward/eval/episodic": {"std": 0.0, "num": 1, "min": 830.382182, "max": 830.382182, "sum": 830.382182}}}
{"meta": {"epoch": 2140, "episode": 52584, "frame": 52592640, "clock": 1606807537.3779557}, "data": {"/reward/eval/episodic": {"std": 0.0, "num": 1, "min": 830.709373, "max": 830.709373, "sum": 830.709373}}}
{"meta": {"epoch": 2140, "episode": 52584, "frame": 52592640, "clock": 1606807556.5369425}, "data": {"/reward/eval/episodic": {"std": 0.0, "num": 1, "min": 830.966111, "max": 830.966111, "sum": 830.966111}}}
