# {"t_start": 1606802911.6273167, "env_id": "DMBenchCartpoleSwingup-v0"} 
r,l,t
806.405774,1000,317.395214
