{"meta": {"clock": 1606801939.3013835}, "data": {"/cpu/per": {"std": [4.369197739733104, 3.7725470323259183, 3.472367108088274, 4.425732833227864, 4.955681363624762, 4.290247338117256, 3.5823021772163335, 3.143264403627401, 3.792448637314249, 4.027185397051175, 4.877032339901433, 4.944626713244725], "num": 10, "min": [80.6, 81.9, 82.7, 81.7, 80.3, 80.4, 81.7, 84.3, 80.3, 79.8, 79.6, 79.9], "max": [95.1, 94.0, 93.1, 94.6, 94.6, 93.0, 93.1, 92.7, 93.1, 91.8, 91.7, 95.0], "sum": [872.0999999999999, 874.1, 876.2, 866.6000000000001, 856.8999999999999, 859.2, 869.8, 874.3000000000001, 877.6, 842.5999999999999, 843.0999999999999, 849.4]}}}
{"meta": {"clock": 1606801939.3014147}, "data": {"/cpu/all/total": {"std": 3.7113190227854167, "num": 10, "min": 81.6, "max": 93.4, "sum": 863.5}}}
{"meta": {"clock": 1606801939.301438}, "data": {"/cpu/memory/total": {"std": 0.0, "num": 10, "min": 32107.05078125, "max": 32107.05078125, "sum": 321070.5078125}}}
{"meta": {"clock": 1606801939.301461}, "data": {"/cpu/memory/used": {"std": 1283.2279113962563, "num": 10, "min": 24160.55078125, "max": 27836.46484375, "sum": 270923.5703125}}}
{"meta": {"clock": 1606801939.3014827}, "data": {"/cpu/memory/mem": {"std": 583.1999584985808, "num": 10, "min": 503.56640625, "max": 2375.1953125, "sum": 21442.1484375}}}
{"meta": {"clock": 1606801959.3348472}, "data": {"/cpu/per": {"std": [3.721648380310357, 2.7215191835933576, 2.311709324287982, 2.704235361222997, 1.9281827944696759, 2.1422729362369655, 2.4980214392817204, 2.448673110074111, 3.5146676783003077, 2.1995959224871777, 2.534999452114776, 2.5983114174829423], "num": 10, "min": [76.8, 80.2, 79.7, 77.7, 79.1, 78.8, 79.5, 79.6, 77.0, 78.3, 77.3, 77.8], "max": [89.0, 89.1, 86.4, 86.6, 85.1, 85.9, 87.7, 87.5, 88.5, 85.3, 86.6, 85.4], "sum": [848.8, 851.0000000000001, 843.2, 819.8, 822.7, 820.6, 847.7, 843.6000000000001, 844.1999999999999, 813.4000000000001, 812.1999999999999, 815.3000000000001]}}}
{"meta": {"clock": 1606801959.334896}, "data": {"/cpu/all/total": {"std": 2.2293247607490705, "num": 10, "min": 78.6, "max": 86.4, "sum": 832.1}}}
{"meta": {"clock": 1606801959.3349366}, "data": {"/cpu/memory/total": {"std": 0.0, "num": 10, "min": 32107.05078125, "max": 32107.05078125, "sum": 321070.5078125}}}
{"meta": {"clock": 1606801959.334976}, "data": {"/cpu/memory/used": {"std": 2.3347958658729264, "num": 10, "min": 27833.6875, "max": 27840.5, "sum": 278386.79296875}}}
{"meta": {"clock": 1606801959.3350148}, "data": {"/cpu/memory/mem": {"std": 0.7588967937295467, "num": 10, "min": 2375.1953125, "max": 2377.203125, "sum": 23766.40625}}}
