{"initial_reset_timestamp": 1606802151.7139604, "timestamps": [1606802327.901081, 1606802349.076372], "episode_lengths": [1000, 1000], "episode_rewards": [802.9372787036586, 805.3423360393905], "episode_types": ["t", "t", "t", "t"]}