{"initial_reset_timestamp": 1606638517.5559094, "timestamps": [1606638539.3673663, 1606638561.7499382, 1606638584.161669, 1606638606.411226, 1606638628.0164037], "episode_lengths": [1000, 1000, 1000, 1000, 1000], "episode_rewards": [659.0826756812899, 572.6974624892584, 588.3023088755851, 592.6166570904186, 652.1870902560242], "episode_types": ["t", "t", "t", "t", "t", "t", "t"]}