{"initial_reset_timestamp": 1606801994.3082902, "timestamps": [1606802060.193487, 1606802080.3365526, 1606802099.762778, 1606802119.2752886], "episode_lengths": [1000, 1000, 1000, 1000], "episode_rewards": [746.9689143250209, 755.6270968119628, 758.8273247135961, 753.7563154668184], "episode_types": ["t", "t", "t", "t", "t", "t"]}