# {"t_start": 1606802532.9129815, "env_id": "DMBenchCartpoleSwingup-v0"} 
r,l,t
798.388661,1000,124.868176
811.372879,1000,145.336372
