{"meta": {"clock": 1606802164.215673}, "data": {"/cpu/per": {"std": [3.250230761038363, 4.30550035806912, 4.621014799562729, 3.3763227860433513, 4.5339337837638904, 4.720510800985653, 3.817794593159193, 4.029116252700804, 5.02743583858721, 4.918321755323549, 4.062785032735823, 4.45675517239467], "num": 10, "min": [84.5, 83.4, 80.8, 81.9, 78.9, 79.4, 82.8, 80.9, 79.4, 77.7, 78.7, 77.0], "max": [94.5, 96.0, 96.1, 92.5, 93.0, 92.9, 95.5, 93.0, 96.5, 92.5, 92.6, 90.5], "sum": [881.2, 881.8, 876.6, 855.1999999999999, 840.0999999999999, 847.1, 882.0, 869.6, 869.2, 832.9000000000001, 840.8000000000001, 831.4]}}}
{"meta": {"clock": 1606802164.215744}, "data": {"/cpu/all/total": {"std": 3.9673668849754704, "num": 10, "min": 81.7, "max": 93.8, "sum": 858.9999999999999}}}
{"meta": {"clock": 1606802164.2158005}, "data": {"/cpu/memory/total": {"std": 0.0, "num": 10, "min": 32107.05078125, "max": 32107.05078125, "sum": 321070.5078125}}}
{"meta": {"clock": 1606802164.215855}, "data": {"/cpu/memory/used": {"std": 1275.3615282432058, "num": 10, "min": 24156.02734375, "max": 27796.72265625, "sum": 270586.0625}}}
{"meta": {"clock": 1606802164.2159088}, "data": {"/cpu/memory/mem": {"std": 571.5125984336263, "num": 10, "min": 506.4375, "max": 2345.6953125, "sum": 21156.05859375}}}
{"meta": {"clock": 1606802184.2328875}, "data": {"/cpu/per": {"std": [2.7407217216557305, 3.5116314663636836, 2.5329824318380085, 3.455494819044656, 3.4778026268192805, 2.766967855091763, 3.208045441628835, 2.719660926578084, 3.271577940722522, 3.96609239540494, 2.6382022498495274, 4.1050240221248675], "num": 10, "min": [79.3, 77.4, 79.4, 75.5, 73.9, 75.6, 75.0, 78.3, 78.1, 72.8, 77.3, 71.5], "max": [87.8, 88.4, 87.3, 86.5, 85.1, 85.1, 86.4, 88.2, 88.5, 85.7, 85.6, 85.0], "sum": [849.4, 840.6, 840.5999999999999, 833.4, 821.8000000000001, 822.5, 828.4, 838.9000000000001, 840.1, 816.8999999999999, 822.6999999999999, 815.7]}}}
{"meta": {"clock": 1606802184.232933}, "data": {"/cpu/all/total": {"std": 2.8520752678239996, "num": 10, "min": 76.1, "max": 85.8, "sum": 831.1}}}
{"meta": {"clock": 1606802184.2329726}, "data": {"/cpu/memory/total": {"std": 0.0, "num": 10, "min": 32107.05078125, "max": 32107.05078125, "sum": 321070.5078125}}}
{"meta": {"clock": 1606802184.2330096}, "data": {"/cpu/memory/used": {"std": 1.9792867630777484, "num": 10, "min": 27804.28515625, "max": 27809.67578125, "sum": 278067.015625}}}
{"meta": {"clock": 1606802184.2330468}, "data": {"/cpu/memory/mem": {"std": 0.3502734856607683, "num": 10, "min": 2345.8203125, "max": 2346.60546875, "sum": 23463.421875}}}
{"meta": {"clock": 1606802204.248919}, "data": {"/cpu/per": {"std": [4.08868356972429, 3.351550221746482, 3.311662892130043, 2.012074661747035, 3.867183873455095, 2.7953135383669885, 2.7467152099270224, 3.1465854509293134, 3.949458472021476, 2.1664358851451038, 2.1652816085776094, 4.035137337604924], "num": 10, "min": [74.1, 75.6, 76.3, 78.6, 73.4, 75.8, 76.9, 77.5, 74.2, 76.8, 77.4, 75.8], "max": [87.2, 86.5, 86.3, 84.9, 85.4, 86.7, 85.6, 87.4, 87.2, 83.3, 84.5, 90.0], "sum": [816.8, 830.2, 826.5999999999999, 819.8, 820.1999999999998, 819.6, 824.0, 824.0999999999999, 815.4, 810.3, 821.1999999999999, 818.6999999999999]}}}
{"meta": {"clock": 1606802204.2489662}, "data": {"/cpu/all/total": {"std": 2.844956551123013, "num": 10, "min": 77.2, "max": 85.7, "sum": 820.6000000000001}}}
{"meta": {"clock": 1606802204.2490098}, "data": {"/cpu/memory/total": {"std": 0.0, "num": 10, "min": 32107.05078125, "max": 32107.05078125, "sum": 321070.5078125}}}
{"meta": {"clock": 1606802204.2490423}, "data": {"/cpu/memory/used": {"std": 22.15629594705729, "num": 10, "min": 27803.18359375, "max": 27864.08984375, "sum": 278197.02734375}}}
{"meta": {"clock": 1606802204.249074}, "data": {"/cpu/memory/mem": {"std": 0.0, "num": 10, "min": 2346.60546875, "max": 2346.60546875, "sum": 23466.0546875}}}
{"meta": {"clock": 1606802224.2640731}, "data": {"/cpu/per": {"std": [2.4195729650773745, 3.9850414747597775, 3.0056243573969406, 3.512849429040631, 2.303137956016623, 3.1622952283287993, 3.487374051887433, 3.31603846647036, 2.9871762958054906, 4.22727913543557, 4.410290995690266, 3.9333474576017604], "num": 10, "min": [79.7, 75.5, 75.4, 74.4, 74.7, 74.7, 76.7, 76.7, 76.5, 71.4, 70.9, 71.5], "max": [87.1, 87.9, 85.8, 85.8, 82.7, 84.8, 87.8, 88.3, 85.6, 84.2, 84.8, 83.4], "sum": [829.8999999999999, 825.5, 825.4, 806.6999999999999, 800.0000000000001, 806.7, 825.2000000000002, 815.4999999999999, 816.1, 787.9, 800.8, 793.6999999999999]}}}
{"meta": {"clock": 1606802224.264123}, "data": {"/cpu/all/total": {"std": 3.027356749524057, "num": 10, "min": 75.7, "max": 84.1, "sum": 811.4000000000001}}}
{"meta": {"clock": 1606802224.2641761}, "data": {"/cpu/memory/total": {"std": 0.0, "num": 10, "min": 32107.05078125, "max": 32107.05078125, "sum": 321070.5078125}}}
{"meta": {"clock": 1606802224.2642138}, "data": {"/cpu/memory/used": {"std": 4.477442134102473, "num": 10, "min": 27858.50390625, "max": 27868.51171875, "sum": 278617.5859375}}}
{"meta": {"clock": 1606802224.2642515}, "data": {"/cpu/memory/mem": {"std": 0.0, "num": 10, "min": 2346.60546875, "max": 2346.60546875, "sum": 23466.0546875}}}
{"meta": {"clock": 1606802244.2771227}, "data": {"/cpu/per": {"std": [3.1608718909679174, 2.424504531285148, 3.0075645370373114, 2.5272075058803116, 2.561271385681554, 3.124117653212038, 2.269140806560932, 2.7764085514283448, 2.7067816067549058, 2.8436283551516057, 2.764637810314801, 3.145384625835834], "num": 10, "min": [76.7, 77.4, 75.8, 76.1, 77.0, 72.9, 78.6, 76.3, 76.0, 74.5, 74.6, 73.0], "max": [86.6, 85.2, 86.9, 84.7, 83.6, 83.6, 85.7, 86.6, 84.1, 83.7, 83.0, 84.8], "sum": [818.0000000000001, 822.3999999999999, 817.8999999999999, 802.3000000000001, 801.7, 790.7, 819.3000000000001, 819.2, 810.0, 801.8000000000001, 794.1, 790.3]}}}
{"meta": {"clock": 1606802244.2771707}, "data": {"/cpu/all/total": {"std": 2.395852898470841, "num": 10, "min": 76.1, "max": 84.4, "sum": 807.3}}}
{"meta": {"clock": 1606802244.277211}, "data": {"/cpu/memory/total": {"std": 0.0, "num": 10, "min": 32107.05078125, "max": 32107.05078125, "sum": 321070.5078125}}}
{"meta": {"clock": 1606802244.277247}, "data": {"/cpu/memory/used": {"std": 5.450849983591531, "num": 10, "min": 27847.91796875, "max": 27861.16796875, "sum": 278583.1015625}}}
{"meta": {"clock": 1606802244.27728}, "data": {"/cpu/memory/mem": {"std": 0.0, "num": 10, "min": 2346.60546875, "max": 2346.60546875, "sum": 23466.0546875}}}
{"meta": {"clock": 1606802264.292607}, "data": {"/cpu/per": {"std": [2.450940862426325, 3.4842662227664376, 3.768598324753292, 4.334307582788999, 2.840754985719269, 4.247038183644381, 2.8130647581122874, 2.6650828630019516, 2.885384626777588, 2.6263832334388857, 3.3988396712865283, 3.525715057497792], "num": 10, "min": [79.7, 75.9, 75.0, 71.5, 74.0, 71.1, 77.1, 76.6, 77.3, 75.1, 73.1, 70.4], "max": [86.2, 84.9, 85.6, 85.7, 83.3, 85.0, 86.7, 85.4, 85.5, 82.5, 83.8, 81.8], "sum": [831.6000000000001, 820.3, 824.3, 807.1999999999998, 798.1, 801.8000000000001, 827.0, 819.6000000000001, 817.9, 790.6999999999999, 794.9000000000001, 790.1999999999999]}}}
{"meta": {"clock": 1606802264.2926369}, "data": {"/cpu/all/total": {"std": 2.960930784586348, "num": 10, "min": 75.3, "max": 84.0, "sum": 810.4}}}
{"meta": {"clock": 1606802264.292661}, "data": {"/cpu/memory/total": {"std": 0.0, "num": 10, "min": 32107.05078125, "max": 32107.05078125, "sum": 321070.5078125}}}
{"meta": {"clock": 1606802264.2926834}, "data": {"/cpu/memory/used": {"std": 0.5463172999557151, "num": 10, "min": 27840.88671875, "max": 27842.33203125, "sum": 278416.5078125}}}
{"meta": {"clock": 1606802264.2927053}, "data": {"/cpu/memory/mem": {"std": 0.0, "num": 10, "min": 2346.60546875, "max": 2346.60546875, "sum": 23466.0546875}}}
{"meta": {"clock": 1606802284.3061516},