{"initial_reset_timestamp": 1606639399.4544272, "timestamps": [1606639417.560236], "episode_lengths": [1000], "episode_rewards": [775.7457988920443], "episode_types": ["t", "t", "t"]}