{"meta": {"clock": 1606639082.771688}, "data": {"/cpu/per": {"std": [23.528148626225946, 22.23699620002666, 19.26709630432152, 17.610779527197412, 17.77315391257275, 19.755955501513405, 16.66553329479738, 19.697797395196808, 17.060819310793825, 20.512153578901565, 17.504313754043604, 17.02227625462849], "num": 10, "min": [14.7, 3.5, 1.0, 6.1, 6.1, 5.4, 1.0, 2.0, 1.0, 6.1, 5.5, 5.4], "max": [80.0, 68.9, 62.9, 56.4, 60.2, 65.0, 55.2, 66.7, 55.3, 77.7, 60.6, 57.2], "sum": [317.6, 224.2, 175.9, 279.8, 296.5, 322.0, 139.0, 151.1, 148.4, 245.8, 231.1, 208.3]}}}
{"meta": {"clock": 1606639082.771735}, "data": {"/cpu/all/total": {"std": 14.294116893945485, "num": 10, "min": 15.2, "max": 61.9, "sum": 229.8}}}
{"meta": {"clock": 1606639082.7717693}, "data": {"/cpu/memory/total": {"std": 0.0, "num": 10, "min": 32107.05078125, "max": 32107.05078125, "sum": 321070.5078125}}}
{"meta": {"clock": 1606639082.7718012}, "data": {"/cpu/memory/used": {"std": 1237.385324149145, "num": 10, "min": 9004.2734375, "max": 12613.21484375, "sum": 119513.48828125}}}
{"meta": {"clock": 1606639082.7718341}, "data": {"/cpu/memory/mem": {"std": 539.1725617439354, "num": 10, "min": 508.609375, "max": 2229.375, "sum": 20386.57421875}}}
{"meta": {"clock": 1606639102.7905412}, "data": {"/cpu/per": {"std": [6.438288247318192, 5.8929807586842, 9.701093867302914, 8.076330299777933, 8.0390781671643, 7.606839028137774, 5.315605954796375, 7.43071702835975, 6.208810943597279, 7.60558274485847, 8.111370619897313, 7.5614519475796165], "num": 10, "min": [1.0, 2.5, 2.0, 1.0, 0.5, 1.0, 1.0, 1.0, 0.5, 1.0, 0.5, 2.0], "max": [20.4, 19.9, 34.2, 28.7, 27.5, 24.0, 18.8, 22.8, 17.8, 23.0, 26.0, 26.1], "sum": [106.4, 89.5, 90.7, 83.6, 82.7, 85.2, 65.70000000000002, 81.99999999999999, 79.60000000000001, 83.39999999999999, 87.89999999999999, 95.0]}}}
{"meta": {"clock": 1606639102.7905939}, "data": {"/cpu/all/total": {"std": 6.065567666023611, "num": 10, "min": 2.3, "max": 20.0, "sum": 86.0}}}
{"meta": {"clock": 1606639102.7906337}, "data": {"/cpu/memory/total": {"std": 0.0, "num": 10, "min": 32107.05078125, "max": 32107.05078125, "sum": 321070.5078125}}}
{"meta": {"clock": 1606639102.7906828}, "data": {"/cpu/memory/used": {"std": 40.541134013812716, "num": 10, "min": 12541.625, "max": 12654.74609375, "sum": 125939.32421875}}}
{"meta": {"clock": 1606639102.790729}, "data": {"/cpu/memory/mem": {"std": 0.49182929673709586, "num": 10, "min": 2229.47265625, "max": 2230.984375, "sum": 22307.76171875}}}
{"meta": {"clock": 1606639122.8055074}, "data": {"/cpu/per": {"std": [4.307151675475981, 5.1929011373433855, 5.176968224743127, 4.486040075116979, 5.308703545436808, 6.765960554291033, 9.326574934025887, 6.834105647412834, 5.003831865014384, 6.677125129874383, 4.6431430925374, 4.423975085322652], "num": 10, "min": [3.0, 0.5, 1.0, 1.5, 1.0, 1.0, 0.5, 0.5, 0.5, 1.5, 1.5, 2.5], "max": [17.1, 15.3, 17.4, 16.3, 19.4, 24.4, 28.3, 24.1, 17.4, 24.4, 17.3, 16.3], "sum": [64.4, 45.2, 59.9, 55.3, 60.3, 65.4, 81.5, 56.5, 47.5, 67.2, 65.1, 74.4]}}}
{"meta": {"clock": 1606639122.8055675}, "data": {"/cpu/all/total": {"std": 5.212378429171168, "num": 10, "min": 2.6, "max": 19.8, "sum": 62.0}}}
{"meta": {"clock": 1606639122.8056152}, "data": {"/cpu/memory/total": {"std": 0.0, "num": 10, "min": 32107.05078125, "max": 32107.05078125, "sum": 321070.5078125}}}
{"meta": {"clock": 1606639122.8056607}, "data": {"/cpu/memory/used": {"std": 7.513954303650225, "num": 10, "min": 12549.3515625, "max": 12570.3671875, "sum": 125592.9765625}}}
{"meta": {"clock": 1606639122.8057299}, "data": {"/cpu/memory/mem": {"std": 0.13313380252587997, "num": 10, "min": 2230.984375, "max": 2231.2421875, "sum": 22311.390625}}}
{"meta": {"clock": 1606639142.820181}, "data": {"/cpu/per": {"std": [3.5011109348002356, 3.044120015154901, 1.0801234497346432, 0.875595035770913, 1.2973905434456587, 0.8834905520465713, 3.264284845958691, 0.7619419633774973, 2.1447610589527213, 1.07496769977314, 0.955975359979999, 0.5374838498865699], "num": 10, "min": [0.5, 0.0, 0.0, 1.5, 0.0, 0.5, 0.5, 0.0, 0.0, 0.5, 1.0, 1.0], "max": [9.9, 8.0, 3.5, 4.0, 4.0, 3.0, 10.5, 2.5, 5.5, 3.0, 3.5, 2.5], "sum": [30.0, 31.0, 10.0, 24.0, 23.1, 18.5, 36.0, 10.5, 21.0, 16.0, 19.5, 18.0]}}}
{"meta": {"clock": 1606639142.820232}, "data": {"/cpu/all/total": {"std": 0.2758824226207809, "num": 10, "min": 1.7, "max": 2.6, "sum": 21.499999999999996}}}
{"meta": {"clock": 1606639142.820273}, "data": {"/cpu/memory/total": {"std": 0.0, "num": 10, "min": 32107.05078125, "max": 32107.05078125, "sum": 321070.5078125}}}
{"meta": {"clock": 1606639142.8203115}, "data": {"/cpu/memory/used": {"std": 1.8209003450704042, "num": 10, "min": 12551.1015625, "max": 12557.40234375, "sum": 125536.62109375}}}
{"meta": {"clock": 1606639142.8203497}, "data": {"/cpu/memory/mem": {"std": 0.0, "num": 10, "min": 2231.2421875, "max": 2231.2421875, "sum": 22312.421875}}}
