{"initial_reset_timestamp": 1606638551.7778096, "timestamps": [1606638575.4178507, 1606638597.4850955, 1606638618.5615437, 1606638638.2176917, 1606638657.638711], "episode_lengths": [1000, 1000, 1000, 1000, 1000], "episode_rewards": [775.9290705215833, 785.4654903352553, 767.4989622750907, 745.8738685670373, 773.3581153213435], "episode_types": ["t", "t", "t", "t", "t", "t", "t"]}