{"initial_reset_timestamp": 1606810413.7189903, "timestamps": [1606810435.5502534, 1606810455.1543736, 1606810475.2936962, 1606810496.4707308, 1606810516.6289756], "episode_lengths": [1000, 1000, 1000, 1000, 1000], "episode_rewards": [811.1493891831451, 782.9004755678517, 818.2485163344321, 818.864764298767, 807.459030713347], "episode_types": ["t", "t", "t", "t", "t", "t", "t"]}