{"meta": {"epoch": 1350, "episode": 33168, "frame": 33177600, "clock": 1606804202.822583}, "data": {"/reward/eval/episodic": {"std": 0.0, "num": 1, "min": 757.861783, "max": 757.861783, "sum": 757.861783}}}
