{"initial_reset_timestamp": 1606639175.761118, "timestamps": [1606639194.3756886], "episode_lengths": [1000], "episode_rewards": [777.3797477924127], "episode_types": ["t", "t", "t"]}