{"meta": {"clock": 1606639413.5986643}, "data": {"/cpu/per": {"std": [18.045670456434205, 16.826503564978147, 17.387875724832583, 18.04705269874034, 13.69374958796084, 17.869701234833844, 26.185256666045237, 16.44981931680575, 19.411866359409025, 19.768496261588655, 15.806823421126289, 15.286744439400945], "num": 10, "min": [7.4, 8.0, 8.0, 6.8, 6.1, 6.8, 7.5, 7.1, 5.6, 5.5, 4.7, 7.5], "max": [71.5, 66.3, 66.3, 67.5, 58.0, 70.2, 70.1, 63.2, 72.4, 74.3, 58.0, 60.6], "sum": [288.2, 200.7, 179.4, 301.5, 263.1, 288.20000000000005, 298.9, 184.1, 204.50000000000003, 289.29999999999995, 231.70000000000002, 265.7]}}}
{"meta": {"clock": 1606639413.5987234}, "data": {"/cpu/all/total": {"std": 14.78418449259583, "num": 10, "min": 15.5, "max": 66.1, "sum": 250.10000000000002}}}
{"meta": {"clock": 1606639413.5987723}, "data": {"/cpu/memory/total": {"std": 0.0, "num": 10, "min": 32107.05078125, "max": 32107.05078125, "sum": 321070.5078125}}}
{"meta": {"clock": 1606639413.5988183}, "data": {"/cpu/memory/used": {"std": 1221.3519567915998, "num": 10, "min": 9346.5859375, "max": 12865.76171875, "sum": 122658.5078125}}}
{"meta": {"clock": 1606639413.5988712}, "data": {"/cpu/memory/mem": {"std": 539.0664087991083, "num": 10, "min": 507.0859375, "max": 2228.01953125, "sum": 20366.953125}}}
{"meta": {"clock": 1606639433.6149166}, "data": {"/cpu/per": {"std": [4.8711851170371725, 4.265155982558616, 3.7735335635920286, 6.193867935305046, 9.084639049883418, 23.108593880007298, 3.0735430152621364, 3.920600860979234, 2.8209533455514246, 10.313254686190108, 5.899303160355281, 4.957642809059787], "num": 10, "min": [4.0, 4.0, 1.0, 2.5, 4.0, 2.5, 3.0, 2.0, 3.0, 3.5, 2.6, 5.0], "max": [18.4, 17.3, 14.1, 19.3, 34.7, 78.6, 13.4, 11.9, 11.6, 37.5, 22.6, 21.2], "sum": [86.2, 89.6, 64.2, 103.79999999999998, 98.2, 140.39999999999998, 65.0, 67.0, 77.0, 94.1, 84.2, 81.39999999999999]}}}
{"meta": {"clock": 1606639433.6149704}, "data": {"/cpu/all/total": {"std": 5.527265749596871, "num": 10, "min": 5.4, "max": 19.0, "sum": 87.80000000000001}}}
{"meta": {"clock": 1606639433.615012}, "data": {"/cpu/memory/total": {"std": 0.0, "num": 10, "min": 32107.05078125, "max": 32107.05078125, "sum": 321070.5078125}}}
{"meta": {"clock": 1606639433.6150541}, "data": {"/cpu/memory/used": {"std": 31.78236267282621, "num": 10, "min": 12786.55078125, "max": 12871.140625, "sum": 128105.65625}}}
{"meta": {"clock": 1606639433.6150928}, "data": {"/cpu/memory/mem": {"std": 0.4773544762615559, "num": 10, "min": 2228.09375, "max": 2229.59765625, "sum": 22294.09375}}}
{"meta": {"clock": 1606639453.631598}, "data": {"/cpu/per": {"std": [6.407669016282148, 6.039094854915483, 5.445497630560906, 6.854203900608087, 12.486775226436789, 6.8642066790950675, 5.668078255556385, 9.721025323150501, 6.026423298920992, 7.118083387479463, 19.24158979340787, 9.72081958135904], "num": 10, "min": [4.4, 3.0, 3.0, 0.0, 0.0, 0.0, 3.0, 3.5, 4.0, 0.5, 2.5, 1.0], "max": [25.7, 22.9, 18.5, 20.8, 38.8, 17.9, 19.6, 28.8, 20.7, 19.0, 61.2, 32.0], "sum": [93.60000000000001, 84.2, 81.7, 77.7, 126.2, 75.8, 74.6, 109.5, 78.0, 68.6, 183.9, 93.1]}}}
{"meta": {"clock": 1606639453.631652}, "data": {"/cpu/all/total": {"std": 6.1117464316220165, "num": 10, "min": 4.4, "max": 21.8, "sum": 95.7}}}
{"meta": {"clock": 1606639453.631696}, "data": {"/cpu/memory/total": {"std": 0.0, "num": 10, "min": 32107.05078125, "max": 32107.05078125, "sum": 321070.5078125}}}
{"meta": {"clock": 1606639453.631738}, "data": {"/cpu/memory/used": {"std": 63.876194441133286, "num": 10, "min": 12807.85546875, "max": 12966.8828125, "sum": 128466.8359375}}}
{"meta": {"clock": 1606639453.6317794}, "data": {"/cpu/memory/mem": {"std": 33.37451033342152, "num": 10, "min": 2229.875, "max": 2309.2890625, "sum": 22459.65625}}}
{"meta": {"clock": 1606639473.8261817}, "data": {"/cpu/per": {"std": [9.683318990236076, 6.089663373290842, 6.182016930851397, 9.086919781263127, 30.041935505038435, 6.948069276185053, 6.488699578669228, 8.457370224313886, 8.015152317122032, 5.450626875262454, 19.01477787873889, 8.274331124360176], "num": 10, "min": [4.5, 2.5, 4.5, 1.5, 0.5, 0.5, 4.0, 2.1, 2.5, 1.5, 1.5, 1.5], "max": [31.2, 22.9, 22.9, 27.9, 100.0, 25.4, 26.2, 31.4, 30.1, 21.5, 63.9, 29.3], "sum": [141.0, 91.19999999999999, 106.20000000000002, 106.89999999999999, 217.3, 91.7, 93.89999999999999, 111.60000000000001, 98.6, 69.6, 139.2, 88.69999999999999]}}}
{"meta": {"clock": 1606639473.8262339}, "data": {"/cpu/all/total": {"std": 8.014632451543449, "num": 10, "min": 3.2, "max": 31.2, "sum": 112.9}}}
{"meta": {"clock": 1606639473.8263993}, "data": {"/cpu/memory/total": {"std": 0.0, "num": 10, "min": 32107.05078125, "max": 32107.05078125, "sum": 321070.5078125}}}
{"meta": {"clock": 1606639473.8264413}, "data": {"/cpu/memory/used": {"std": 33.64131027762395, "num": 10, "min": 12952.953125, "max": 13049.8671875, "sum": 130164.95703125}}}
{"meta": {"clock": 1606639473.826481}, "data": {"/cpu/memory/mem": {"std": 25.765885313359096, "num": 10, "min": 2309.2890625, "max": 2371.28515625, "sum": 23476.84765625}}}
