# {"t_start": 1606802396.3678212, "env_id": "DMBenchCartpoleSwingup-v0"} 
r,l,t
832.390067,1000,50.638639
829.923236,1000,71.284525
831.114385,1000,91.652613
