{"initial_reset_timestamp": 1606809536.7079344, "timestamps": [1606809561.7243237, 1606809581.4588513, 1606809600.8384867, 1606809620.210926, 1606809639.581572], "episode_lengths": [1000, 1000, 1000, 1000, 1000], "episode_rewards": [809.7814655913368, 796.670287576325, 783.6984880628225, 712.4096849639965, 813.6968038603713], "episode_types": ["t", "t", "t", "t", "t", "t", "t"]}