{"initial_reset_timestamp": 1606639068.4506018, "timestamps": [1606639086.9159367], "episode_lengths": [1000], "episode_rewards": [775.3946112002825], "episode_types": ["t", "t", "t"]}