{"meta": {"clock": 1606810425.5565698}, "data": {"/cpu/per": {"std": [3.573995585398008, 4.197155121163754, 3.641748664217964, 5.123193448534918, 4.742713709821975, 5.681949978269395, 4.894486694230558, 4.1284917881042755, 3.006382100354733, 5.51229937906537, 4.887046369968493, 4.630526727898004], "num": 10, "min": [83.7, 83.9, 83.4, 79.8, 79.5, 80.2, 82.9, 82.0, 82.8, 76.5, 80.2, 80.6], "max": [94.5, 95.0, 93.9, 95.5, 93.0, 97.5, 98.2, 93.6, 92.0, 92.9, 93.3, 93.5], "sum": [875.3000000000001, 877.5, 868.6999999999999, 866.4, 851.0, 854.7000000000002, 890.5999999999999, 872.0, 870.5000000000001, 843.9, 847.1, 855.8000000000001]}}}
{"meta": {"clock": 1606810425.5566146}, "data": {"/cpu/all/total": {"std": 3.992506870515209, "num": 10, "min": 82.1, "max": 93.7, "sum": 864.7000000000002}}}
{"meta": {"clock": 1606810425.5566516}, "data": {"/cpu/memory/total": {"std": 0.0, "num": 10, "min": 32107.05078125, "max": 32107.05078125, "sum": 321070.5078125}}}
{"meta": {"clock": 1606810425.556681}, "data": {"/cpu/memory/used": {"std": 1240.830807904777, "num": 10, "min": 24643.35546875, "max": 28162.1015625, "sum": 274112.28125}}}
{"meta": {"clock": 1606810425.556716}, "data": {"/cpu/memory/mem": {"std": 534.9018892361779, "num": 10, "min": 507.375, "max": 2233.24609375, "sum": 20184.62890625}}}
{"meta": {"clock": 1606810445.5949936}, "data": {"/cpu/per": {"std": [3.3777704678283453, 3.1668596432428093, 3.360621635617105, 3.535046754366279, 3.0427326899059355, 3.881709245508563, 2.3557023015086886, 3.2330927745564133, 3.0071950755184194, 2.8951300105138222, 2.7091614118681773, 2.9387071987525477], "num": 10, "min": [80.6, 79.5, 79.9, 79.1, 78.5, 79.1, 81.1, 77.1, 80.2, 79.6, 79.6, 79.6], "max": [93.0, 90.9, 90.5, 91.1, 88.0, 93.4, 89.2, 88.8, 91.5, 88.9, 88.3, 87.9], "sum": [864.6, 865.6999999999999, 859.5999999999999, 839.1, 829.6, 851.0999999999999, 859.4000000000001, 852.8000000000001, 856.1000000000001, 835.8, 832.8000000000001, 835.6000000000001]}}}
{"meta": {"clock": 1606810445.5950239}, "data": {"/cpu/all/total": {"std": 2.381059521398918, "num": 10, "min": 81.6, "max": 89.2, "sum": 848.5}}}
{"meta": {"clock": 1606810445.595047}, "data": {"/cpu/memory/total": {"std": 0.0, "num": 10, "min": 32107.05078125, "max": 32107.05078125, "sum": 321070.5078125}}}
{"meta": {"clock": 1606810445.5950804}, "data": {"/cpu/memory/used": {"std": 18.664109686154074, "num": 10, "min": 28141.91015625, "max": 28197.97265625, "sum": 281730.47265625}}}
{"meta": {"clock": 1606810445.5951095}, "data": {"/cpu/memory/mem": {"std": 0.5328331191025009, "num": 10, "min": 2233.52734375, "max": 2235.16015625, "sum": 22348.1953125}}}
{"meta": {"clock": 1606810465.6330893}, "data": {"/cpu/per": {"std": [3.6001388862098076, 3.996109218838859, 4.25252865951542, 3.9067036403256052, 3.6022369593227945, 3.43040328047107, 4.068087183595423, 4.601642218937835, 3.669468626381753, 4.360287961948279, 4.752776966036683, 3.597360143216133], "num": 10, "min": [77.6, 74.8, 74.6, 75.1, 76.4, 73.8, 75.6, 73.3, 76.6, 74.7, 70.9, 73.5], "max": [89.6, 87.7, 89.0, 86.6, 86.7, 85.4, 87.7, 89.7, 87.1, 88.3, 86.5, 85.1], "sum": [853.1, 841.0, 844.1999999999999, 826.3, 824.4999999999999, 820.9000000000001, 834.4000000000001, 837.1999999999999, 836.5, 818.1, 806.0000000000001, 813.9]}}}
{"meta": {"clock": 1606810465.6331394}, "data": {"/cpu/all/total": {"std": 3.700690626236019, "num": 10, "min": 74.8, "max": 86.3, "sum": 829.8}}}
{"meta": {"clock": 1606810465.633179}, "data": {"/cpu/memory/total": {"std": 0.0, "num": 10, "min": 32107.05078125, "max": 32107.05078125, "sum": 321070.5078125}}}
{"meta": {"clock": 1606810465.6332154}, "data": {"/cpu/memory/used": {"std": 23.43158005747951, "num": 10, "min": 28111.4921875, "max": 28190.40625, "sum": 281772.41015625}}}
{"meta": {"clock": 1606810465.6332517}, "data": {"/cpu/memory/mem": {"std": 0.1230485973203976, "num": 10, "min": 2235.1640625, "max": 2235.41015625, "sum": 22353.14453125}}}
{"meta": {"clock": 1606810485.6579888}, "data": {"/cpu/per": {"std": [5.52686368768239, 5.010089819554134, 4.0686334042007015, 5.545859316242664, 4.8852271640574125, 4.1082707905989935, 5.227289503706062, 5.0465499766342035, 5.387433938754558, 2.9562739310753257, 3.717227162520172, 4.955367460306719], "num": 10, "min": [71.7, 70.9, 77.5, 70.9, 69.7, 71.5, 74.8, 70.3, 71.3, 77.7, 71.9, 71.6], "max": [88.1, 88.4, 89.4, 88.3, 86.4, 86.8, 88.9, 87.1, 86.9, 87.0, 85.0, 86.1], "sum": [838.1999999999999, 847.1, 846.4000000000001, 814.9000000000001, 816.1, 819.7, 831.7, 825.1000000000001, 831.9999999999999, 822.8000000000001, 812.0, 806.3]}}}
{"meta": {"clock": 1606810485.6580272}, "data": {"/cpu/all/total": {"std": 4.34352647306566, "num": 10, "min": 72.7, "max": 86.0, "sum": 826.1999999999999}}}
{"meta": {"clock": 1606810485.6580591}, "data": {"/cpu/memory/total": {"std": 0.0, "num": 10, "min": 32107.05078125, "max": 32107.05078125, "sum": 321070.5078125}}}
{"meta": {"clock": 1606810485.6580896}, "data": {"/cpu/memory/used": {"std": 26.61472346617952, "num": 10, "min": 28096.83984375, "max": 28184.890625, "sum": 281722.859375}}}
{"meta": {"clock": 1606810485.658121}, "data": {"/cpu/memory/mem": {"std": 0.008068715304598784, "num": 10, "min": 2235.41015625, "max": 2235.42578125, "sum": 22354.1953125}}}
{"meta": {"clock": 1606810505.6964657}, "data": {"/cpu/per": {"std": [3.1276721908367118, 4.020074626173, 2.624013041973008, 3.439783584923783, 3.9872714145557366, 3.4413175771304014, 3.7325743276070353, 4.637240558780624, 5.163213900060481, 2.6956961582822667, 4.6211590657659825, 2.9162571141028604], "num": 10, "min": [77.9, 77.9, 81.4, 75.6, 73.0, 75.0, 77.7, 73.1, 72.6, 75.1, 72.1, 75.4], "max": [88.4, 89.1, 90.1, 84.9, 84.9, 83.8, 88.9, 87.7, 89.1, 84.7, 83.7, 86.2], "sum": [851.3, 856.0999999999999, 859.9000000000001, 818.1000000000001, 808.4999999999999, 815.4000000000001, 846.1, 836.8000000000001, 840.1, 818.7, 808.8000000000002, 824.3]}}}
{"meta": {"clock": 1606810505.6964955}, "data": {"/cpu/all/total": {"std": 3.4309052903149446, "num": 10, "min": 76.7, "max": 86.2, "sum": 832.0}}}
{"meta": {"clock": 1606810505.6965184}, "data": {"/cpu/memory/total": {"std": 0.0, "num": 10, "min": 32107.05078125, "max": 32107.05078125, "sum": 321070.5078125}}}
{"meta": {"clock": 1606810505.696541}, "data": {"/cpu/memory/used": {"std": 12.668838555703417, "num": 10, "min": 28129.7109375, "max": 28180.67578125, "sum": 281614.734375}}}
{"meta": {"clock": 1606810505.696563}, "data": {"/cpu/memory/mem": {"std": 0.0020587745183387888, "num": 10, "min": 2235.42578125, "max": 2235.4296875, "sum": 22354.27734375}}}
{"meta": {"clock": 1606810525.7225428}, "data": {"/cpu/per": {"std": [3.0426779140896416, 3.636985931601422, 2.012626807599129, 4.594308072677175, 3.7848381735551127, 4.391013550423181, 1.9896677556259932, 2.841439384850182, 3.4345467111558006, 4.43951949351879, 4.484305966367595, 2.797002363642589], "num": 10, "min": [78.5, 76.1, 82.3, 68.4, 70.6, 69.8, 80.4, 78.8, 75.8, 69.2, 68.9, 74.0], "max": [88.7, 88.7, 89.5, 84.8, 84.3, 85.6, 86.6, 88.2, 86.9, 85.4, 85.3, 84.6], "sum": [848.7, 851.1, 858.1999999999999, 810.1, 810.5000000000001, 812.9, 841.9000000000001, 843.4000000000001, 836.5, 811.4, 810.7, 811.9000000000001]}}}
{"meta": {"clock": 1606810525.722582}, "data": {"/cpu/all/total": {"std": 3.1556122843101133, "num": 10, "min": 74.4, "max": 85.2, "sum": 829.3}}}
{"meta": {"clock": 1606810525.7226148}, "data": {"/cpu/memory/total": {"std": 0.0, "num": 10, "min": 32107.05078125, "max": 32107.05078125, "sum": 321070.5078125}}}
{"meta": {"clock": 1606810525.7226458}, "data": {"/cpu/memory/used": {"std": 42.860919166827934, "num": 10, "min": 28078.77734375, "max": 28165.53125, "sum": 281241.40234375}}}
{"meta": {"clock": 1606810525.7226784}, "data": {"/cpu/memory/mem": {"std": 0.19517529903251218, "num": 10, "min": 2235.4296875, "max": 2235.80078125, "sum": 22356.1484375}}}
{"meta": {"clock": 1606810545.7359433},