{"meta": {"clock": 1606639189.9295228}, "data": {"/cpu/per": {"std": [14.878709621469193, 18.241393708936943, 16.882499156753358, 18.38201113407707, 17.847078814815106, 20.18972235789509, 18.4288572021647, 24.52016177216891, 17.59215734354374, 16.828283070804076, 17.998459810649237, 20.85992702661147], "num": 10, "min": [13.7, 7.0, 8.0, 7.4, 9.6, 5.4, 6.9, 6.0, 8.2, 6.0, 4.0, 5.1], "max": [64.1, 67.5, 66.8, 63.6, 66.5, 64.4, 69.2, 76.9, 68.8, 63.6, 66.0, 69.3], "sum": [243.59999999999997, 270.79999999999995, 208.89999999999998, 296.5, 233.6, 283.4, 197.5, 288.5, 202.79999999999998, 222.0, 176.3, 227.1]}}}
{"meta": {"clock": 1606639189.9296076}, "data": {"/cpu/all/total": {"std": 15.104289309846903, "num": 10, "min": 16.4, "max": 66.0, "sum": 237.79999999999995}}}
{"meta": {"clock": 1606639189.929667}, "data": {"/cpu/memory/total": {"std": 0.0, "num": 10, "min": 32107.05078125, "max": 32107.05078125, "sum": 321070.5078125}}}
{"meta": {"clock": 1606639189.9297397}, "data": {"/cpu/memory/used": {"std": 1242.1120882595567, "num": 10, "min": 9116.80078125, "max": 12732.44140625, "sum": 120785.55078125}}}
{"meta": {"clock": 1606639189.9298208}, "data": {"/cpu/memory/mem": {"std": 538.5822663558046, "num": 10, "min": 507.02734375, "max": 2227.1328125, "sum": 20351.46484375}}}
{"meta": {"clock": 1606639209.947848}, "data": {"/cpu/per": {"std": [4.466915415959131, 4.827513737824977, 4.050089162255841, 26.98041264819103, 3.0206695357891187, 6.223798411474032, 6.604451360845789, 3.247375008286608, 3.8157568056677826, 2.3230487630602066, 8.693266870911582, 3.1728010758108787], "num": 10, "min": [4.5, 1.5, 2.5, 0.5, 0.5, 2.0, 0.5, 2.0, 2.0, 0.5, 0.0, 0.0], "max": [17.1, 16.8, 13.5, 70.3, 10.4, 21.8, 21.5, 12.0, 14.6, 8.0, 28.7, 11.0], "sum": [88.00000000000001, 82.39999999999999, 60.1, 155.4, 39.0, 73.30000000000001, 63.1, 68.9, 67.0, 27.1, 47.2, 27.0]}}}
{"meta": {"clock": 1606639209.9479005}, "data": {"/cpu/all/total": {"std": 5.654143023777638, "num": 10, "min": 2.9, "max": 17.2, "sum": 66.6}}}
{"meta": {"clock": 1606639209.9479408}, "data": {"/cpu/memory/total": {"std": 0.0, "num": 10, "min": 32107.05078125, "max": 32107.05078125, "sum": 321070.5078125}}}
{"meta": {"clock": 1606639209.9479804}, "data": {"/cpu/memory/used": {"std": 42.16926767522026, "num": 10, "min": 12585.859375, "max": 12695.21484375, "sum": 126142.88671875}}}
{"meta": {"clock": 1606639209.9480188}, "data": {"/cpu/memory/mem": {"std": 0.6104186942248039, "num": 10, "min": 2227.28125, "max": 2228.80859375, "sum": 22285.19140625}}}
{"meta": {"clock": 1606639229.9625995}, "data": {"/cpu/per": {"std": [2.853243768064692, 2.4545649082655947, 3.298501343202866, 6.14849575099471, 4.234724180969628, 4.570302688735908, 3.2411417741283706, 2.3273494700099415, 3.2898665964172804, 4.67755871748881, 4.539750360243758, 3.6908896849766], "num": 10, "min": [0.5, 1.5, 1.5, 0.0, 0.0, 0.5, 1.0, 1.0, 1.0, 0.0, 0.0, 0.0], "max": [9.4, 9.6, 11.2, 15.4, 11.0, 15.8, 11.1, 9.0, 9.6, 16.1, 11.0, 12.3], "sum": [45.9, 45.6, 38.7, 54.8, 41.2, 41.900000000000006, 38.5, 41.9, 50.1, 40.2, 32.4, 26.4]}}}
{"meta": {"clock": 1606639229.9626517}, "data": {"/cpu/all/total": {"std": 2.8182145648146335, "num": 10, "min": 2.5, "max": 11.5, "sum": 41.7}}}
{"meta": {"clock": 1606639229.9626932}, "data": {"/cpu/memory/total": {"std": 0.0, "num": 10, "min": 32107.05078125, "max": 32107.05078125, "sum": 321070.5078125}}}
{"meta": {"clock": 1606639229.9627354}, "data": {"/cpu/memory/used": {"std": 14.057394086557235, "num": 10, "min": 12597.72265625, "max": 12643.80078125, "sum": 126090.9921875}}}
{"meta": {"clock": 1606639229.9627821}, "data": {"/cpu/memory/mem": {"std": 0.0, "num": 10, "min": 2228.80859375, "max": 2228.80859375, "sum": 22288.0859375}}}
{"meta": {"clock": 1606639249.9778204}, "data": {"/cpu/per": {"std": [4.2452587933154575, 3.0390239661224574, 4.344204312772492, 4.083857109264341, 5.360099501564002, 7.069567014872819, 4.039856983167158, 4.720746174541102, 3.47928792203871, 4.620593997408654, 4.72275813952445, 3.9805638908185967], "num": 10, "min": [3.0, 2.0, 3.0, 4.5, 2.5, 2.0, 2.0, 3.5, 2.5, 3.0, 3.0, 4.0], "max": [18.0, 12.4, 15.6, 16.7, 17.9, 28.7, 15.8, 17.8, 12.9, 16.0, 15.3, 15.0], "sum": [102.0, 78.30000000000001, 82.9, 98.30000000000001, 96.19999999999999, 112.1, 76.6, 75.10000000000001, 79.1, 108.1, 82.0, 96.6]}}}
{"meta": {"clock": 1606639249.9778717}, "data": {"/cpu/all/total": {"std": 3.438281224358731, "num": 10, "min": 4.0, "max": 14.0, "sum": 90.8}}}
{"meta": {"clock": 1606639249.977912}, "data": {"/cpu/memory/total": {"std": 0.0, "num": 10, "min": 32107.05078125, "max": 32107.05078125, "sum": 321070.5078125}}}
{"meta": {"clock": 1606639249.97795}, "data": {"/cpu/memory/used": {"std": 39.26484205176557, "num": 10, "min": 12632.26953125, "max": 12762.87890625, "sum": 127011.66015625}}}
{"meta": {"clock": 1606639249.9779878}, "data": {"/cpu/memory/mem": {"std": 0.0, "num": 10, "min": 2228.80859375, "max": 2228.80859375, "sum": 22288.0859375}}}
{"meta": {"clock": 1606639269.9930646}, "data": {"/cpu/per": {"std": [4.346147719532782, 4.430813820407161, 4.059775582193896, 4.429459460375624, 4.2988499754133205, 8.912313579163008, 4.255506237022023, 3.595444648749612, 3.4264331956780425, 4.551922670696416, 4.772153019806097, 4.492969817145201], "num": 10, "min": [2.0, 1.0, 2.0, 0.0, 0.5, 1.0, 1.5, 1.0, 0.5, 2.5, 0.5, 2.0], "max": [15.9, 14.9, 13.4, 12.1, 16.4, 31.3, 16.5, 11.1, 11.4, 18.4, 16.3, 15.5], "sum": [63.3, 52.9, 51.199999999999996, 56.300000000000004, 60.699999999999996, 62.4, 47.6, 47.5, 39.6, 85.99999999999999, 44.3, 66.7]}}}
{"meta": {"clock": 1606639269.9931228}, "data": {"/cpu/all/total": {"std": 3.953676207728139, "num": 10, "min": 3.0, "max": 16.0, "sum": 56.6}}}
{"meta": {"clock": 1606639269.99317}, "data": {"/cpu/memory/total": {"std": 0.0, "num": 10, "min": 32107.05078125, "max": 32107.05078125, "sum": 321070.5078125}}}
{"meta": {"clock": 1606639269.9932153}, "data": {"/cpu/memory/used": {"std": 56.52383567634076, "num": 10, "min": 12631.68359375, "max": 12785.11328125, "sum": 126667.4296875}}}
{"meta": {"clock": 1606639269.9932592}, "data": {"/cpu/memory/mem": {"std": 0.0, "num": 10, "min": 2228.80859375, "max": 2228.80859375, "sum": 22288.0859375}}}
{"meta": {"clock": 1606639290.0085504}, "data": {"/cpu/per": {"std": [5.5889673067173655, 3.791818678271535, 5.449169151755562, 6.142601692732124, 3.487374051887434, 4.154301652771765, 4.763938613281148, 6.59346477792805, 4.7057411743528785, 3.51940651562479, 3.7780653485319413, 5.071445115108272], "num": 10, "min": [2.0, 1.0, 1.0, 1.5, 4.0, 3.5, 1.0, 0.5, 0.0, 3.0, 1.5, 3.0], "max": [16.2, 11.4, 18.4, 21.0, 14.5, 15.6, 15.5, 18.9, 11.9, 13.8, 12.0, 19.6], "sum": [86.10000000000001, 61.3, 76.69999999999999, 89.4, 85.19999999999999, 80.39999999999999, 44.2, 65.4, 46.8, 74.2, 70.6, 91.8]}}}
{"meta": {"clock": 1606639290.0086117}, "data": {"/cpu/all/total": {"std": 3.5170852831412676, "num": 10, "min": 3.9, "max": 13.4, "sum": 72.9}}}
{"meta": {"clock": 1606639290.0086539}, "data": {"/cpu/memory/total": {"std": 0.0, "num": 10, "min": 32107.05078125, "max": 32107.05078125, "sum": 321070.5078125}}}
{"meta": {"clock": 1606639290.0086944}, "data": {"/cpu/memory/used": {"std": 44.389518979252514, "num": 10, "min": 12663.53125, "max": 12792.91796875, "sum": 127422.1015625}}}
{"meta": {"clock": 1606639290.0087337}, "data": {"/cpu/memory/mem": {"std": 0.0, "num": 10, "min": 2228.80859375, "max": 2228.80859375, "sum": 22288.0859375}}}
{"meta": {"clock": 1606639310.0259302}, "data": {"/cpu/per": {"std": [6.827436480033257, 4.218227642558477, 4.6998345124530125, 5.406220696773506, 8.322419519987362, 5.8055146197387195, 4.972144630058765, 6.784140001175946, 5.415461404370106, 4.984865985048033, 6.2373783666608595, 8.327738121616353], "num": 10, "min": [7.5, 2.0, 3.5, 6.5, 8.5, 6.5, 5.5, 3.6, 5.1, 3.5, 4.0, 2.0], "max": [27.0, 19.1, 19.3, 21.8, 32.0, 27.3, 21.4, 26.6, 23.6, 19.5, 22.9, 32.0],