{"meta": {"clock": 1606807290.6186404}, "data": {"/cpu/per": {"std": [5.167376295353159, 5.7379438826116065, 5.706029948902979, 6.006117251972726, 5.4080290104415845, 5.223834266555977, 5.259964089442266, 4.182250855965272, 5.7312496213498, 5.334958085850137, 5.213486783760411, 5.0866819571635595], "num": 10, "min": [82.6, 82.7, 81.4, 79.8, 78.8, 80.2, 81.8, 82.0, 80.6, 80.8, 78.7, 78.8], "max": [97.5, 100.0, 98.0, 99.0, 96.5, 96.5, 96.0, 95.0, 97.5, 97.5, 96.5, 96.0], "sum": [874.1999999999998, 872.1999999999999, 870.0999999999999, 856.6999999999998, 855.6999999999999, 852.8, 860.4999999999999, 864.7, 863.5000000000001, 859.1999999999999, 853.6000000000001, 844.8999999999999]}}}
{"meta": {"clock": 1606807290.6187115}, "data": {"/cpu/all/total": {"std": 5.0823878902211455, "num": 10, "min": 81.1, "max": 97.1, "sum": 860.7999999999998}}}
{"meta": {"clock": 1606807290.6187687}, "data": {"/cpu/memory/total": {"std": 0.0, "num": 10, "min": 32107.05078125, "max": 32107.05078125, "sum": 321070.5078125}}}
{"meta": {"clock": 1606807290.618824}, "data": {"/cpu/memory/used": {"std": 1285.3394876314958, "num": 10, "min": 24073.52734375, "max": 27704.03515625, "sum": 269109.44921875}}}
{"meta": {"clock": 1606807290.6188784}, "data": {"/cpu/memory/mem": {"std": 562.8395795039335, "num": 10, "min": 506.046875, "max": 2327.31640625, "sum": 20851.18359375}}}
{"meta": {"clock": 1606807310.6352532}, "data": {"/cpu/per": {"std": [1.9389573372190383, 1.6893128122931473, 2.6704972487451766, 3.3826518197020117, 2.471616654922216, 3.1503262617633045, 1.8343633470195868, 1.6048883657957833, 2.166435885145102, 1.6729548044635767, 2.25558565935029, 1.8744184283250207], "num": 10, "min": [81.3, 80.5, 78.6, 77.8, 76.6, 76.6, 81.0, 80.9, 79.5, 80.8, 77.9, 79.7], "max": [86.6, 85.9, 86.4, 89.6, 84.4, 86.9, 87.1, 85.7, 87.0, 86.1, 84.5, 85.1], "sum": [839.2, 833.6000000000001, 840.6, 829.7, 819.0000000000001, 828.6999999999999, 835.5999999999999, 832.6999999999999, 835.7, 831.9, 823.9, 822.2999999999998]}}}
{"meta": {"clock": 1606807310.635295}, "data": {"/cpu/all/total": {"std": 1.8758405523332111, "num": 10, "min": 79.9, "max": 85.6, "sum": 831.1000000000001}}}
{"meta": {"clock": 1606807310.635328}, "data": {"/cpu/memory/total": {"std": 0.0, "num": 10, "min": 32107.05078125, "max": 32107.05078125, "sum": 321070.5078125}}}
{"meta": {"clock": 1606807310.6353595}, "data": {"/cpu/memory/used": {"std": 3.738795403767744, "num": 10, "min": 27704.421875, "max": 27716.22265625, "sum": 277114.58984375}}}
{"meta": {"clock": 1606807310.63539}, "data": {"/cpu/memory/mem": {"std": 0.0, "num": 10, "min": 2327.31640625, "max": 2327.31640625, "sum": 23273.1640625}}}
{"meta": {"clock": 1606807330.650466}, "data": {"/cpu/per": {"std": [3.5666510903086666, 3.2290349435499563, 4.615445085073957, 3.550524217946165, 3.4137792677454804, 2.8000198411995405, 3.740781261240014, 4.366806613533509, 2.7373141743119103, 2.603096446755504, 2.646780014365462, 4.013934063567398], "num": 10, "min": [74.3, 74.1, 71.3, 73.7, 73.0, 75.0, 73.1, 71.4, 74.8, 75.0, 76.3, 70.9], "max": [86.3, 85.7, 85.9, 85.1, 85.9, 86.1, 86.0, 87.6, 84.4, 83.8, 84.7, 84.3], "sum": [823.9000000000001, 823.0, 824.3000000000001, 814.1999999999999, 800.4999999999999, 809.6999999999999, 815.3, 819.7, 817.8000000000001, 803.5000000000001, 812.1000000000001, 793.5]}}}
{"meta": {"clock": 1606807330.6504972}, "data": {"/cpu/all/total": {"std": 3.2074392693653073, "num": 10, "min": 73.4, "max": 84.1, "sum": 813.1000000000001}}}
{"meta": {"clock": 1606807330.6505206}, "data": {"/cpu/memory/total": {"std": 0.0, "num": 10, "min": 32107.05078125, "max": 32107.05078125, "sum": 321070.5078125}}}
{"meta": {"clock": 1606807330.6505425}, "data": {"/cpu/memory/used": {"std": 3.3378438568459816, "num": 10, "min": 27730.16015625, "max": 27738.59375, "sum": 277353.58203125}}}
{"meta": {"clock": 1606807330.6505642}, "data": {"/cpu/memory/mem": {"std": 0.10000559473281774, "num": 10, "min": 2327.36328125, "max": 2327.5703125, "sum": 23275.08203125}}}
{"meta": {"clock": 1606807350.6634474}, "data": {"/cpu/per": {"std": [3.201752992068908, 2.8825336077832615, 1.794590637319711, 3.2318725222384668, 2.513607412111568, 1.1616080807799762, 2.8752004761021057, 2.6840268254993322, 2.4731671103173687, 2.5540599488309232, 2.8697851255218882, 2.378631726200777], "num": 10, "min": [75.9, 80.0, 80.1, 74.5, 75.4, 79.1, 77.5, 78.6, 75.8, 75.5, 75.1, 76.1], "max": [86.8, 89.1, 85.3, 85.2, 84.1, 83.0, 85.9, 88.5, 84.3, 83.1, 84.4, 84.1], "sum": [831.6999999999999, 831.7, 831.5, 806.5, 806.5999999999999, 810.6, 822.7, 828.2000000000002, 816.1, 797.8999999999999, 797.6999999999999, 797.3000000000001]}}}
{"meta": {"clock": 1606807350.6635013}, "data": {"/cpu/all/total": {"std": 2.0904279200414706, "num": 10, "min": 77.6, "max": 84.7, "sum": 815.0999999999999}}}
{"meta": {"clock": 1606807350.6635423}, "data": {"/cpu/memory/total": {"std": 0.0, "num": 10, "min": 32107.05078125, "max": 32107.05078125, "sum": 321070.5078125}}}
{"meta": {"clock": 1606807350.6635828}, "data": {"/cpu/memory/used": {"std": 0.5984463391427283, "num": 10, "min": 27730.90625, "max": 27732.78125, "sum": 277316.109375}}}
{"meta": {"clock": 1606807350.6636221}, "data": {"/cpu/memory/mem": {"std": 0.12324891096403019, "num": 10, "min": 2327.74609375, "max": 2328.0546875, "sum": 23279.71875}}}
{"meta": {"clock": 1606807370.6774104}, "data": {"/cpu/per": {"std": [2.7394241081739175, 3.7445664338849385, 2.748009380543592, 4.192904058578547, 3.136452348328175, 3.5287548953010472, 3.393474129364574, 3.213098193333032, 3.978218473415231, 4.665476038590989, 5.199241397657072, 4.280459476894194], "num": 10, "min": [76.8, 73.9, 75.8, 72.1, 75.3, 72.3, 75.3, 75.7, 73.4, 70.9, 66.7, 69.9], "max": [85.4, 85.9, 85.9, 85.8, 83.7, 84.3, 84.1, 85.9, 85.4, 84.4, 84.5, 84.8], "sum": [824.0, 820.2000000000002, 819.5999999999999, 807.6, 807.8000000000001, 804.9, 811.7000000000002, 818.8000000000001, 811.8000000000001, 793.0, 789.0999999999999, 787.6999999999999]}}}
{"meta": {"clock": 1606807370.6774411}, "data": {"/cpu/all/total": {"std": 3.415324939803597, "num": 10, "min": 73.6, "max": 83.8, "sum": 808.0}}}
{"meta": {"clock": 1606807370.6774647}, "data": {"/cpu/memory/total": {"std": 0.0, "num": 10, "min": 32107.05078125, "max": 32107.05078125, "sum": 321070.5078125}}}
{"meta": {"clock": 1606807370.6774879}, "data": {"/cpu/memory/used": {"std": 0.5800194479067807, "num": 10, "min": 27733.25390625, "max": 27735.16015625, "sum": 277344.15234375}}}
{"meta": {"clock": 1606807370.677511}, "data": {"/cpu/memory/mem": {"std": 0.0, "num": 10, "min": 2328.0546875, "max": 2328.0546875, "sum": 23280.546875}}}
{"meta": {"clock": 1606807390.6934578}, "data": {"/cpu/per": {"std": [3.5712431697908475, 2.795949451140577, 4.689041598355807, 3.7212453112723747, 2.725924919484511, 2.8506529466461235, 3.51044473282549, 3.272036402948814, 3.210815057478919, 2.481845191698216, 3.5132922198732994, 2.3434068267280344], "num": 10, "min": [73.7, 75.9, 71.0, 73.9, 75.4, 73.5, 73.7, 76.1, 77.0, 75.5, 73.8, 75.0], "max": [85.6, 85.6, 86.4, 86.1, 83.1, 82.9, 85.4, 86.1, 86.3, 82.7, 85.4, 82.4], "sum": [827.3999999999999, 828.8000000000001, 819.5999999999999, 809.1, 800.8000000000001, 801.2, 812.0999999999999, 821.8000000000001, 821.4, 795.2000000000002, 800.0999999999999, 803.4]}}}
{"meta": {"clock": 1606807390.6935053}, "data": {"/cpu/all/total": {"std": 2.8958974813038916, "num": 10, "min": 75.2, "max": 83.8, "sum": 811.8}}}
{"meta": {"clock": 1606807390.6935394}, "data": {"/cpu/memory/total": {"std": 0.0, "num": 10, "min": 32107.05078125, "max": 32107.05078125, "sum": 321070.5078125}}}
{"meta": {"clock": 1606807390.693564}, "data": {"/cpu/memory/used": {"std": 0.3469227495444421, "num": 10, "min": 27734.47265625, "max": 27735.67578125, "sum": 277352.48046875}}}
{"meta": {"clock": 1606807390.6935868}, "data": {"/cpu/memory/mem": {"std": 0.2568865553336685, "num": 10, "min": 2328.0546875, "max": 2328.73828125,