{"initial_reset_timestamp": 1606807478.3025928, "timestamps": [1606807498.7966423, 1606807518.0019825, 1606807537.0935857, 1606807556.2314694, 1606807575.5448372], "episode_lengths": [1000, 1000, 1000, 1000, 1000], "episode_rewards": [831.8004294856069, 830.3821817060887, 830.7093725571707, 830.966111014674, 830.3379826041763], "episode_types": ["t", "t", "t", "t", "t", "t", "t"]}