{"initial_reset_timestamp": 1606802911.6288958, "timestamps": [1606803229.0226452], "episode_lengths": [1000], "episode_rewards": [806.4057735282723], "episode_types": ["t", "t", "t"]}