{"initial_reset_timestamp": 1606637062.5746539, "timestamps": [1606637081.753221, 1606637100.4530473, 1606637117.6033115, 1606637135.1216311, 1606637152.9047747, 1606637170.438689, 1606637188.5926006, 1606637206.280156, 1606637223.847882, 1606637241.1591094, 1606637258.6427693, 1606637276.060247, 1606637293.3934631, 1606637310.679539, 1606637328.1462686, 1606637345.5127242, 1606637362.9993773, 1606637380.3844576, 1606637397.8472648, 1606637415.2512076, 1606637432.630083, 1606637449.897901, 1606637467.032463, 1606637484.5851035, 1606637502.0002751, 1606637519.2841766, 1606637536.750744, 1606637554.2677653, 1606637571.895561, 1606637589.4524581, 1606637607.0181513, 1606637624.5735197, 1606637642.3452485, 1606637660.2108288, 1606637678.0435097, 1606637695.8688443, 1606637713.5991697, 1606637731.3483677, 1606637749.1017413, 1606637767.007249, 1606637785.2168045, 1606637803.09689, 1606637821.6385472, 1606637840.297294, 1606637859.8315732, 1606637877.9828577, 1606637896.878186, 1606637915.8454947, 1606637935.4183924, 1606637953.750915, 1606637971.586251, 1606637990.202924, 1606638008.942203, 1606638026.7430286, 1606638044.3050046, 1606638061.8574736, 1606638080.5459714, 1606638099.5956907, 1606638118.6524932, 1606638138.0435035, 1606638155.8575518, 1606638174.308819, 1606638192.9981565, 1606638211.9367104, 1606638230.7852888, 1606638249.7270818, 1606638268.2133806, 1606638286.4261396, 1606638304.8655953, 1606638323.4877775, 1606638342.3535876, 1606638361.3627896, 1606638380.1572034, 1606638398.7168796, 1606638417.218774, 1606638436.0232282, 1606638453.7918687, 1606638471.4386668, 1606638491.4974244, 1606638510.5170243, 1606638532.1810083, 1606638554.2993593, 1606638577.3042846, 1606638599.9626281, 1606638622.440807, 1606638643.0380135, 1606638662.2081823, 1606638679.7992642, 1606638697.4131243, 1606638715.3310173, 1606638732.996523, 1606638750.984518, 1606638769.2074459, 1606638787.752241, 1606638804.8566234, 1606638822.385813, 1606638839.5182233, 1606638856.518486, 1606638873.4507778, 1606638890.351753], "episode_lengths": [1000, 1000, 1000, 1000, 1000, 1000, 1000, 1000, 1000, 1000, 1000, 1000, 1000, 1000, 1000, 1000, 1000, 1000, 1000, 1000, 1000, 1000, 1000, 1000, 1000, 1000, 1000, 1000, 1000, 1000, 1000, 1000, 1000, 1000, 1000, 1000, 1000, 1000, 1000, 1000, 1000, 1000, 1000, 1000, 1000, 1000, 1000, 1000, 1000, 1000, 1000, 1000, 1000, 1000, 1000, 1000, 1000, 1000, 1000, 1000, 1000, 1000, 1000, 1000, 1000, 1000, 1000, 1000, 1000, 1000, 1000, 1000, 1000, 1000, 1000, 1000, 1000, 1000, 1000, 1000, 1000, 1000, 1000, 1000, 1000, 1000, 1000, 1000, 1000, 1000, 1000, 1000, 1000, 1000, 1000, 1000, 1000, 1000, 1000, 1000], "episode_rewards": [773.372264309429, 762.062857077733, 766.5019675533499, 769.5591685570913, 774.2006672392417, 771.8484865338315, 761.319618567134, 766.2280207922043, 771.242343536278, 771.6223685625669, 764.1550887182718, 764.0425799550965, 768.6972872965569, 769.3222511835526, 759.1873920694966, 774.4510000776243, 772.437567450887, 756.4090437895891, 776.5682652346768, 775.6761190914399, 774.7535994111519, 771.7691281584655, 777.0334645066062, 768.0527348513143, 765.3624083898147, 774.0553900675084, 769.4974260243216, 774.2506164618433, 775.0866564870346, 773.3948226163797, 776.5574098263555, 765.0338117804725, 760.2870751766212, 769.1011919355535, 770.5619037117785, 768.8233046139628, 775.9034539004022, 769.7698126716882, 769.2792775698426, 778.6455136449391, 779.7288539714704, 764.997037506679, 771.2087776450899, 775.7970051479682, 777.9947103123278, 772.5633939013171, 768.5019608818019, 773.883941985419, 774.5070369130614, 769.1368049308071, 770.3900761778116, 769.646676370713, 765.3055538113639, 763.6037861270419, 759.3124910616443, 768.6910540568475, 771.8440300848233, 772.0837091113798, 776.5226927580787, 769.7260430603692, 775.7167116987598, 770.3788073661365, 772.3914674184841, 770.490687273763, 770.1508491554696, 771.7871019946791, 773.7583419452347, 774.3189819389164, 774.1183668428594, 767.4419299854434, 775.7397991669221, 754.3997321982215, 771.1961847801579, 769.685459622781, 765.5672644083522, 773.2547479252781, 763.2575938590627, 777.6395787121531, 766.9882577974593, 771.1512300819844, 775.5883180669164, 771.7999495862958, 775.6371472299076, 773.2798653921474, 766.6337104095536, 774.3207271652249, 764.295074558946, 769.3945320785373, 775.0909110813022, 775.8827318823711, 770.0682246011156, 773.4281590739912, 774.2255139072012, 772.1745985130693, 778.0588335541962, 769.2167007856835, 766.4344347154652, 768.7363828552516, 764.9145609816975, 768.7953450710106], "episode_types": ["t", "t", "t", "t", "t", "t", "t", "t", "t", "t", "t", "t", "t", "t", "t", "t", "t", "t", "t", "t", "t", "t", "t", "t", "t", "t", "t", "t", "t", "t", "t", "t", "t", "t", "t", "t", "t", "t", "t", "t", "t", "t", "t", "t", "t", "t", "t", "t", "t", "t", "t", "t", "t", "t", "t", "t", "t", "t", "t", "t", "t", "t", "t", "t", "t", "t", "t", "t", "t", "t", "t", "t", "t", "t", "t", "t", "t", "t", "t", "t", "t", "t", "t", "t", "t", "t", "t", "t", "t", "t", "t", "t", "t", "t", "t", "t", "t", "t", "t", "t", "t", "t"]}