{"meta": {"epoch": 2300, "episode": 56520, "frame": 56524800, "clock": 1606638539.58034}, "data": {"/reward/eval/episodic": {"std": 0.0, "num": 1, "min": 659.082676, "max": 659.082676, "sum": 659.082676}}}
{"meta": {"epoch": 2300, "episode": 56520, "frame": 56524800, "clock": 1606638561.9730394}, "data": {"/reward/eval/episodic": {"std": 0.0, "num": 1, "min": 572.697462, "max": 572.697462, "sum": 572.697462}}}
{"meta": {"epoch": 2300, "episode": 56520, "frame": 56524800, "clock": 1606638584.3869247}, "data": {"/reward/eval/episodic": {"std": 0.0, "num": 1, "min": 588.302309, "max": 588.302309, "sum": 588.302309}}}
{"meta": {"epoch": 2300, "episode": 56520, "frame": 56524800, "clock": 1606638606.6387527}, "data": {"/reward/eval/episodic": {"std": 0.0, "num": 1, "min": 592.616657, "max": 592.616657, "sum": 592.616657}}}
