{"initial_reset_timestamp": 1606810636.0985143, "timestamps": [1606810660.975362, 1606810680.3514152, 1606810700.0097477, 1606810719.3611925, 1606810739.3747067, 1606810760.8550448, 1606810780.226897, 1606810799.627266, 1606810819.251572, 1606810838.725649, 1606810858.9312155, 1606810879.3521957, 1606810901.1183434, 1606810922.2177722, 1606810943.7963917, 1606810963.149006, 1606810982.854859, 1606811002.2608907, 1606811021.8329287, 1606811041.3172245, 1606811060.6766331, 1606811079.8130782, 1606811101.3354077, 1606811122.290234, 1606811141.7021844, 1606811161.351015, 1606811181.2412043, 1606811200.8965216, 1606811220.221667, 1606811239.7848463, 1606811259.4938142, 1606811280.1012113, 1606811303.498726, 1606811323.501575, 1606811343.136266, 1606811362.5097425, 1606811382.0107777, 1606811401.4651353, 1606811421.3402803, 1606811440.8460195, 1606811460.0804148, 1606811479.50665, 1606811500.0417151, 1606811520.1074264, 1606811540.0014172, 1606811560.0140195, 1606811579.5977778, 1606811599.3183165, 1606811619.2762573, 1606811638.9617562, 1606811658.7357461, 1606811678.0595434, 1606811697.6300447, 1606811717.1839664, 1606811736.8379087, 1606811758.2155702, 1606811778.5560637, 1606811799.8966498, 1606811821.8021176, 1606811841.1573834, 1606811861.0993624, 1606811881.2562084, 1606811901.7081552, 1606811921.7121587, 1606811942.4612226, 1606811964.5237527, 1606811985.623927, 1606812005.660171, 1606812025.5164938, 1606812046.0543966, 1606812066.4303236, 1606812087.1736047, 1606812106.5890973, 1606812126.080943, 1606812145.5476573, 1606812164.937515, 1606812184.5220418, 1606812204.1151438, 1606812223.7817543, 1606812243.2394612, 1606812262.6788962, 1606812282.17577, 1606812302.7582493, 1606812322.4298847, 1606812341.8803174, 1606812361.0816507, 1606812380.309816, 1606812399.8622909, 1606812419.366377, 1606812438.8540854, 1606812458.6246238, 1606812478.7470727, 1606812498.0699425, 1606812517.558597, 1606812536.8592932, 1606812556.1330152, 1606812575.8503017, 1606812595.5577183, 1606812615.1985495, 1606812634.59735], "episode_lengths": [1000, 1000, 1000, 1000, 1000, 1000, 1000, 1000, 1000, 1000, 1000, 1000, 1000, 1000, 1000, 1000, 1000, 1000, 1000, 1000, 1000, 1000, 1000, 1000, 1000, 1000, 1000, 1000, 1000, 1000, 1000, 1000, 1000, 1000, 1000, 1000, 1000, 1000, 1000, 1000, 1000, 1000, 1000, 1000, 1000, 1000, 1000, 1000, 1000, 1000, 1000, 1000, 1000, 1000, 1000, 1000, 1000, 1000, 1000, 1000, 1000, 1000, 1000, 1000, 1000, 1000, 1000, 1000, 1000, 1000, 1000, 1000, 1000, 1000, 1000, 1000, 1000, 1000, 1000, 1000, 1000, 1000, 1000, 1000, 1000, 1000, 1000, 1000, 1000, 1000, 1000, 1000, 1000, 1000, 1000, 1000, 1000, 1000, 1000, 1000], "episode_rewards": [830.483052743869, 831.0393214470207, 831.3895587268352, 831.7338951659368, 830.555658498134, 828.8649127039432, 830.5501889630465, 831.4800720301649, 830.2894449456986, 831.8998446131761, 830.459054441407, 831.0620287669889, 830.0016493470055, 831.2333393988766, 830.8184268676531, 831.1479162875456, 830.144268272904, 830.9375825050206, 831.3766844516896, 831.8287076589023, 831.4665509916206, 831.8078109045017, 830.680200251207, 830.538404798079, 831.0364571692791, 831.9285348608191, 832.8083218892945, 829.4226654014507, 831.7597361785773, 832.0776313814408, 831.3956103328296, 830.8015996984316, 831.240488936399, 830.897544675586, 831.0337479426864, 830.5500970831154, 831.1701308824458, 831.8643848002091, 831.4651011410596, 830.2755641989432, 830.5855150599454, 830.5922532944743, 831.5767234210479, 831.9338012057448, 830.474876600777, 830.884074908208, 831.0347777318019, 828.6919247488036, 831.6638912271433, 829.9541154650212, 832.2265786656302, 831.1658357789958, 830.5701586534501, 831.4010068304838, 830.6130517463607, 831.7688798816347, 829.5219806091036, 831.8229463540005, 831.092539934753, 831.4163494614263, 831.1218349555754, 830.7392028196356, 830.6758797794429, 831.0110242192155, 830.7224863583982, 830.7008217826483, 831.1164560007269, 831.4134224661203, 831.3169091416446, 830.1644854041895, 831.4804243749364, 831.6486213412816, 831.0713452845009, 831.1290216814479, 831.8993084202892, 831.161173461519, 832.5280195264803, 832.2144918054562, 829.7005667847789, 830.7912921374094, 832.7136691548643, 829.9297984390857, 830.8671619143278, 831.7885686176276, 830.3680210764658, 830.5974205236633, 830.1726482443513, 831.8688051654303, 830.7850942634557, 830.9380155140611, 830.8674915580232, 829.9353214898869, 833.5910771166422, 831.7229067517568, 831.5075266846532, 830.8608154144436, 831.7134286953536, 830.8636148368713, 832.12508374325, 829.5741790662391], "episode_types": ["t", "t", "t", "t", "t", "t", "t", "t", "t", "t", "t", "t", "t", "t", "t", "t", "t", "t", "t", "t", "t", "t", "t", "t", "t", "t", "t", "t", "t", "t", "t", "t", "t", "t", "t", "t", "t", "t", "t", "t", "t", "t", "t", "t", "t", "t", "t", "t", "t", "t", "t", "t", "t", "t", "t", "t", "t", "t", "t", "t", "t", "t", "t", "t", "t", "t", "t", "t", "t", "t", "t", "t", "t", "t", "t", "t", "t", "t", "t", "t", "t", "t", "t", "t", "t", "t", "t", "t", "t", "t", "t", "t", "t", "t", "t", "t", "t", "t", "t", "t", "t", "t"]}