{"initial_reset_timestamp": 1606808285.7504377, "timestamps": [1606808309.3073149, 1606808331.5367243, 1606808353.8804965, 1606808374.8875773, 1606808394.3393683], "episode_lengths": [1000, 1000, 1000, 1000, 1000], "episode_rewards": [802.5387607046302, 807.5129042989465, 800.55537645421, 807.3550160909067, 792.6991346277337], "episode_types": ["t", "t", "t", "t", "t", "t", "t"]}