{"meta": {"clock": 1606802006.5369859}, "data": {"/cpu/per": {"std": [4.2635535517791805, 4.626025411853147, 4.7779702803596455, 6.093247628864815, 5.701111002836787, 5.53061178050554, 5.323490918143423, 3.8790033084114115, 5.347782510328721, 4.742432568489154, 6.485924931898473, 6.911190603329909], "num": 10, "min": [83.5, 83.4, 83.1, 79.6, 79.6, 79.8, 82.9, 83.0, 81.7, 81.7, 79.4, 80.3], "max": [95.1, 97.0, 97.0, 95.0, 96.6, 96.4, 96.5, 94.4, 98.0, 94.0, 99.0, 100.0], "sum": [892.3, 891.2999999999998, 884.3, 865.1000000000001, 868.4000000000001, 871.8999999999999, 883.8, 882.0, 879.0999999999999, 867.1999999999999, 875.5, 893.3000000000001]}}}
{"meta": {"clock": 1606802006.5370276}, "data": {"/cpu/all/total": {"std": 4.877214596695764, "num": 10, "min": 81.7, "max": 95.9, "sum": 879.5000000000001}}}
{"meta": {"clock": 1606802006.5370514}, "data": {"/cpu/memory/total": {"std": 0.0, "num": 10, "min": 32107.05078125, "max": 32107.05078125, "sum": 321070.5078125}}}
{"meta": {"clock": 1606802006.537074}, "data": {"/cpu/memory/used": {"std": 1283.1232898359324, "num": 10, "min": 24157.1875, "max": 27796.4453125, "sum": 270334.32421875}}}
{"meta": {"clock": 1606802006.5370996}, "data": {"/cpu/memory/mem": {"std": 572.8079010505536, "num": 10, "min": 503.7421875, "max": 2346.9609375, "sum": 21139.96875}}}
{"meta": {"clock": 1606802026.5637164}, "data": {"/cpu/per": {"std": [2.432556953769699, 2.9806785208144193, 2.884152099549078, 2.5188401210786595, 3.430646197632938, 2.812353699898599, 2.3113488125623394, 2.53254373659721, 2.569824896758534, 3.263195434607688, 3.15108446940626, 2.6861786157207708], "num": 10, "min": [80.1, 79.0, 79.1, 76.6, 75.9, 75.1, 78.6, 78.7, 78.3, 74.6, 75.5, 75.0], "max": [88.6, 89.1, 88.5, 85.6, 85.4, 84.1, 87.3, 87.1, 86.8, 83.9, 84.4, 85.6], "sum": [833.2, 832.9999999999999, 834.5, 819.6999999999999, 815.3999999999999, 809.4, 839.7, 823.4, 825.8, 808.2000000000002, 807.6, 809.9999999999999]}}}
{"meta": {"clock": 1606802026.5637684}, "data": {"/cpu/all/total": {"std": 2.3500354607253624, "num": 10, "min": 77.4, "max": 86.1, "sum": 821.6}}}
{"meta": {"clock": 1606802026.5638103}, "data": {"/cpu/memory/total": {"std": 0.0, "num": 10, "min": 32107.05078125, "max": 32107.05078125, "sum": 321070.5078125}}}
{"meta": {"clock": 1606802026.5638502}, "data": {"/cpu/memory/used": {"std": 1.588928028919888, "num": 10, "min": 27796.5546875, "max": 27800.796875, "sum": 277992.95703125}}}
{"meta": {"clock": 1606802026.5638885}, "data": {"/cpu/memory/mem": {"std": 0.574270565264237, "num": 10, "min": 2347.19921875, "max": 2348.9375, "sum": 23485.65234375}}}
{"meta": {"clock": 1606802046.576172}, "data": {"/cpu/per": {"std": [2.7274122859915706, 2.5768413049916576, 2.8619340779736113, 3.3091791530025483, 3.6141850164778986, 2.8883867084893224, 2.5316661180600684, 2.702282985427937, 3.1622952283288024, 3.685120230211099, 3.7090879382043926, 2.8924422590990866], "num": 10, "min": [79.4, 77.7, 78.0, 75.8, 74.7, 76.5, 77.4, 76.4, 77.1, 72.4, 75.4, 76.6], "max": [87.6, 86.2, 86.5, 85.8, 86.4, 86.0, 85.9, 86.0, 86.0, 84.4, 86.6, 85.4], "sum": [839.9, 832.7, 828.1999999999999, 824.1999999999998, 813.7000000000002, 815.4999999999999, 826.4, 826.3000000000001, 820.7000000000002, 804.7, 806.8, 815.2]}}}
{"meta": {"clock": 1606802046.5762212}, "data": {"/cpu/all/total": {"std": 2.797935747018589, "num": 10, "min": 77.3, "max": 84.8, "sum": 821.2000000000002}}}
{"meta": {"clock": 1606802046.57626}, "data": {"/cpu/memory/total": {"std": 0.0, "num": 10, "min": 32107.05078125, "max": 32107.05078125, "sum": 321070.5078125}}}
{"meta": {"clock": 1606802046.5762985}, "data": {"/cpu/memory/used": {"std": 14.99542548609067, "num": 10, "min": 27795.8515625, "max": 27834.7421875, "sum": 278203.4296875}}}
{"meta": {"clock": 1606802046.5763357}, "data": {"/cpu/memory/mem": {"std": 0.0, "num": 10, "min": 2348.9375, "max": 2348.9375, "sum": 23489.375}}}
{"meta": {"clock": 1606802066.6082993}, "data": {"/cpu/per": {"std": [3.3678215840840253, 4.241344126571198, 4.438167790128412, 3.2887011958454857, 5.020723719412035, 4.0508023896507215, 3.454851661070269, 3.269318651408031, 4.539224113827774, 4.019176256122364, 3.671042843056386, 3.6972061523985067], "num": 10, "min": [80.8, 77.5, 78.8, 77.9, 73.8, 75.8, 80.1, 78.2, 78.0, 76.8, 74.7, 75.3], "max": [90.0, 90.9, 93.0, 88.6, 91.6, 90.8, 90.0, 88.6, 91.5, 89.2, 88.8, 88.4], "sum": [848.9999999999999, 845.7, 839.2, 834.0000000000001, 830.1000000000001, 832.6999999999999, 840.6, 845.8000000000001, 849.7, 820.6, 823.1, 828.5999999999999]}}}
{"meta": {"clock": 1606802066.608348}, "data": {"/cpu/all/total": {"std": 3.7117830396365137, "num": 10, "min": 77.4, "max": 90.1, "sum": 836.8000000000001}}}
{"meta": {"clock": 1606802066.608387}, "data": {"/cpu/memory/total": {"std": 0.0, "num": 10, "min": 32107.05078125, "max": 32107.05078125, "sum": 321070.5078125}}}
{"meta": {"clock": 1606802066.6084216}, "data": {"/cpu/memory/used": {"std": 24.724741041856433, "num": 10, "min": 27737.109375, "max": 27820.07421875, "sum": 278014.12109375}}}
{"meta": {"clock": 1606802066.6084557}, "data": {"/cpu/memory/mem": {"std": 0.5567413560173161, "num": 10, "min": 2348.9375, "max": 2350.015625, "sum": 23493.6875}}}
{"meta": {"clock": 1606802086.630618}, "data": {"/cpu/per": {"std": [2.0912781843753945, 2.3361887290580263, 1.6174396777348807, 2.9780866340655674, 2.541237668713592, 3.2087380697090286, 1.9033304144752874, 2.849873291530309, 2.352870587176442, 2.8339411112834028, 2.3551362310207584, 1.9324423234170087], "num": 10, "min": [82.7, 82.7, 84.0, 77.9, 78.0, 76.1, 81.9, 81.5, 83.5, 76.6, 76.2, 77.1], "max": [88.4, 90.1, 88.6, 85.4, 85.4, 85.6, 87.1, 89.5, 89.4, 85.4, 84.4, 83.8], "sum": [858.3, 859.0, 864.4999999999999, 820.6999999999999, 822.7, 815.4000000000001, 847.5999999999999, 854.2, 857.4, 820.3, 808.0, 810.1]}}}
{"meta": {"clock": 1606802086.6306624}, "data": {"/cpu/all/total": {"std": 2.0624688549837, "num": 10, "min": 80.7, "max": 86.0, "sum": 836.6000000000001}}}
{"meta": {"clock": 1606802086.6306999}, "data": {"/cpu/memory/total": {"std": 0.0, "num": 10, "min": 32107.05078125, "max": 32107.05078125, "sum": 321070.5078125}}}
{"meta": {"clock": 1606802086.630738}, "data": {"/cpu/memory/used": {"std": 24.970329279495754, "num": 10, "min": 27719.9921875, "max": 27802.015625, "sum": 277908.34765625}}}
{"meta": {"clock": 1606802086.630774}, "data": {"/cpu/memory/mem": {"std": 0.11805882667547389, "num": 10, "min": 2350.015625, "max": 2350.24609375, "sum": 23501.08984375}}}
{"meta": {"clock": 1606802106.6708739}, "data": {"/cpu/per": {"std": [3.356734524305827, 2.5611629303024723, 2.817327338690577, 2.280838052607462, 2.5447986167867995, 2.4423349483639645, 1.958911262240672, 2.4988886418655016, 2.5509257578812905, 2.720620844178362, 2.674758556081897, 1.9842714868014724], "num": 10, "min": [78.5, 81.4, 78.2, 80.0, 77.3, 76.1, 81.1, 81.7, 81.1, 78.8, 74.9, 77.8], "max": [89.8, 90.5, 87.7, 87.1, 85.9, 84.4, 87.5, 90.1, 90.5, 85.6, 83.3, 84.0], "sum": [862.0999999999999, 868.7999999999998, 853.8, 829.9999999999999, 820.4, 814.5, 844.8000000000001, 854.9999999999999, 851.5, 823.8, 806.0999999999999, 816.8000000000001]}}}
{"meta": {"clock": 1606802106.6709046}, "data": {"/cpu/all/total": {"std": 2.0478986520062175, "num": 10, "min": 79.4, "max": 85.7, "sum": 837.5}}}
{"meta": {"clock": 1606802106.6709278}, "data": {"/cpu/memory/total": {"std": 0.0, "num": 10, "min": 32107.05078125, "max": 32107.05078125, "sum": 321070.5078125}}}
{"meta": {"clock": 1606802106.670951}, "data": {"/cpu/memory/used": {"std": 15.006468789484924, "num": 10, "min": 27753.6328125, "max": 27802.98828125, "sum": 277960.59765625}}}
{"meta": {"clock": 1606802106.6709762}, "data": {"/cpu/memory/mem": {"std": 0.004034357652299392, "num": 10, "min": 2350.24609375, "max": 2350.25390625, "sum": 23502.4921875}}}
