{"initial_reset_timestamp": 1606803493.0336242, "timestamps": [1606804202.571081], "episode_lengths": [1000], "episode_rewards": [757.8617827859621], "episode_types": ["t", "t", "t"]}