{"initial_reset_timestamp": 1606802396.3697968, "timestamps": [1606802447.0065765, 1606802467.6524353, 1606802488.020542], "episode_lengths": [1000, 1000, 1000], "episode_rewards": [832.3900672953329, 829.9232360225764, 831.114384734112], "episode_types": ["t", "t", "t", "t", "t"]}