{"meta": {"clock": 1606802545.2731977}, "data": {"/cpu/per": {"std": [4.498258922442474, 3.8858146579006525, 3.156721224449332, 4.897266811418611, 5.419809344740221, 5.0009332462384775, 4.469203259841487, 4.6183210032314665, 4.27266505435035, 6.001296156294535, 5.3703817368972935, 5.3724502996512005], "num": 10, "min": [82.1, 81.1, 83.9, 80.1, 79.2, 78.7, 82.1, 84.1, 80.8, 74.4, 79.4, 76.0], "max": [95.5, 93.0, 93.5, 94.1, 95.0, 93.8, 95.5, 97.1, 94.0, 93.6, 94.6, 92.9], "sum": [878.8999999999999, 870.2000000000002, 879.4000000000001, 859.9, 858.1, 850.5999999999999, 875.6, 885.0, 870.7, 852.0000000000001, 857.1, 842.0999999999999]}}}
{"meta": {"clock": 1606802545.2732449}, "data": {"/cpu/all/total": {"std": 4.347016857059056, "num": 10, "min": 81.9, "max": 93.9, "sum": 865.1}}}
{"meta": {"clock": 1606802545.273282}, "data": {"/cpu/memory/total": {"std": 0.0, "num": 10, "min": 32107.05078125, "max": 32107.05078125, "sum": 321070.5078125}}}
{"meta": {"clock": 1606802545.2733207}, "data": {"/cpu/memory/used": {"std": 1288.496780107204, "num": 10, "min": 24229.9921875, "max": 27902.23046875, "sum": 271544.13671875}}}
{"meta": {"clock": 1606802545.2733545}, "data": {"/cpu/memory/mem": {"std": 580.3474522685358, "num": 10, "min": 506.91015625, "max": 2373.359375, "sum": 21396.55078125}}}
{"meta": {"clock": 1606802565.2907066}, "data": {"/cpu/per": {"std": [2.9266780561661427, 2.3115410924796986, 2.919379690581166, 2.166641025489301, 1.6348972104963935, 1.7852793121027943, 2.321302316469033, 3.3220475613693425, 1.8811639422915243, 3.0668297058109406, 2.689155175060662, 2.772002886001383], "num": 10, "min": [77.4, 79.1, 78.1, 75.9, 78.9, 76.3, 78.6, 77.3, 80.9, 74.4, 74.4, 74.0], "max": [86.6, 87.0, 86.1, 83.2, 84.5, 82.7, 87.4, 87.4, 87.4, 85.1, 83.1, 83.6], "sum": [840.0999999999999, 840.9, 830.5, 809.1, 821.8000000000001, 797.5, 836.8000000000002, 838.4, 839.1, 809.9, 797.6, 802.8]}}}
{"meta": {"clock": 1606802565.2907517}, "data": {"/cpu/all/total": {"std": 2.0706681691344646, "num": 10, "min": 77.2, "max": 83.9, "sum": 822.1}}}
{"meta": {"clock": 1606802565.2907896}, "data": {"/cpu/memory/total": {"std": 0.0, "num": 10, "min": 32107.05078125, "max": 32107.05078125, "sum": 321070.5078125}}}
{"meta": {"clock": 1606802565.2908275}, "data": {"/cpu/memory/used": {"std": 1.1105676296693707, "num": 10, "min": 27902.4765625, "max": 27905.3203125, "sum": 279038.0}}}
{"meta": {"clock": 1606802565.2908664}, "data": {"/cpu/memory/mem": {"std": 0.5397451896883071, "num": 10, "min": 2373.60546875, "max": 2375.26953125, "sum": 23749.3125}}}
{"meta": {"clock": 1606802585.3058543}, "data": {"/cpu/per": {"std": [4.226056738326588, 4.698333037720223, 4.6796960964955385, 3.015441740257785, 3.5706208610455024, 3.650327230384817, 3.762165452088579, 3.730787822669333, 4.480525762799624, 2.3659858175586965, 2.732520204255896, 4.487018312123689], "num": 10, "min": [72.6, 69.7, 71.6, 76.1, 71.7, 71.6, 71.4, 73.5, 70.2, 77.6, 76.1, 72.5], "max": [87.3, 84.7, 86.8, 84.5, 85.2, 83.9, 84.7, 84.9, 85.8, 83.7, 84.0, 84.0], "sum": [824.8, 807.9000000000001, 809.8, 811.8000000000001, 796.4, 800.6, 813.5, 817.0999999999999, 805.8000000000001, 803.3000000000001, 806.0, 794.0]}}}
{"meta": {"clock": 1606802585.305886}, "data": {"/cpu/all/total": {"std": 3.3909847799389743, "num": 10, "min": 73.3, "max": 84.1, "sum": 807.9000000000001}}}
{"meta": {"clock": 1606802585.3059158}, "data": {"/cpu/memory/total": {"std": 0.0, "num": 10, "min": 32107.05078125, "max": 32107.05078125, "sum": 321070.5078125}}}
{"meta": {"clock": 1606802585.3059473}, "data": {"/cpu/memory/used": {"std": 0.4004131726374828, "num": 10, "min": 27901.7890625, "max": 27903.23828125, "sum": 279023.70703125}}}
{"meta": {"clock": 1606802585.3059783}, "data": {"/cpu/memory/mem": {"std": 0.0, "num": 10, "min": 2375.26953125, "max": 2375.26953125, "sum": 23752.6953125}}}
{"meta": {"clock": 1606802605.3188357}, "data": {"/cpu/per": {"std": [3.1141433635735027, 2.7317881811492364, 2.3931383393174555, 3.16447292434125, 2.928329064690496, 3.0411255226386915, 2.7332520313111766, 2.1649736975564187, 2.6026482239783744, 2.5604904044169174, 2.635315709528725, 2.6700811473311674], "num": 10, "min": [76.0, 79.4, 79.2, 76.8, 76.5, 75.1, 75.5, 79.0, 76.3, 74.5, 74.7, 75.8], "max": [86.1, 87.3, 86.6, 86.4, 84.3, 85.4, 84.7, 85.5, 85.9, 82.8, 82.2, 83.8], "sum": [821.3000000000001, 825.3999999999999, 825.4000000000001, 812.4999999999999, 805.8000000000001, 799.8000000000001, 813.1999999999999, 820.4, 817.5999999999999, 795.5, 791.4, 793.3999999999999]}}}
{"meta": {"clock": 1606802605.3188784}, "data": {"/cpu/all/total": {"std": 2.3344997084790786, "num": 10, "min": 77.1, "max": 83.9, "sum": 810.1}}}
{"meta": {"clock": 1606802605.3189118}, "data": {"/cpu/memory/total": {"std": 0.0, "num": 10, "min": 32107.05078125, "max": 32107.05078125, "sum": 321070.5078125}}}
{"meta": {"clock": 1606802605.3189435}, "data": {"/cpu/memory/used": {"std": 0.1894094934723387, "num": 10, "min": 27902.6171875, "max": 27903.1953125, "sum": 279028.45703125}}}
{"meta": {"clock": 1606802605.318975}, "data": {"/cpu/memory/mem": {"std": 0.0, "num": 10, "min": 2375.26953125, "max": 2375.26953125, "sum": 23752.6953125}}}
{"meta": {"clock": 1606802625.33376}, "data": {"/cpu/per": {"std": [2.1959811778185445, 2.1746008573733446, 1.611796788956006, 1.9184484471688192, 2.474851286216789, 2.0943309724640495, 1.8543941807980788, 1.742794690528214, 2.2171302773329926, 2.6318772345566934, 2.4824718863799182, 2.785857139194328], "num": 10, "min": [79.9, 78.3, 80.2, 78.5, 76.6, 77.9, 78.7, 78.8, 78.6, 77.3, 77.3, 77.0], "max": [86.4, 84.6, 85.6, 83.7, 84.4, 83.9, 84.5, 84.8, 85.5, 84.5, 84.4, 84.8], "sum": [831.3000000000001, 822.0, 828.3000000000001, 819.6, 818.6, 811.2, 815.1, 817.8, 824.3000000000001, 815.3, 813.6, 807.9]}}}
{"meta": {"clock": 1606802625.3338044}, "data": {"/cpu/all/total": {"std": 1.8972494710911263, "num": 10, "min": 78.9, "max": 84.0, "sum": 818.8000000000001}}}
{"meta": {"clock": 1606802625.3338404}, "data": {"/cpu/memory/total": {"std": 0.0, "num": 10, "min": 32107.05078125, "max": 32107.05078125, "sum": 321070.5078125}}}
{"meta": {"clock": 1606802625.3338747}, "data": {"/cpu/memory/used": {"std": 0.3285177151390108, "num": 10, "min": 27902.9609375, "max": 27904.01953125, "sum": 279034.75390625}}}
{"meta": {"clock": 1606802625.3339083}, "data": {"/cpu/memory/mem": {"std": 0.0, "num": 10, "min": 2375.26953125, "max": 2375.26953125, "sum": 23752.6953125}}}
{"meta": {"clock": 1606802645.3475177}, "data": {"/cpu/per": {"std": [3.067554219388613, 3.0153127716890498, 3.6335015251590805, 3.491959017196192, 2.9159332411196734, 3.8465135729211553, 1.8547536524053834, 2.2455882673960232, 2.077284552272777, 2.61185332240878, 3.3435842378435114, 2.277644982578861], "num": 10, "min": [76.5, 77.7, 75.1, 74.7, 76.1, 75.0, 80.4, 79.1, 78.8, 76.1, 75.3, 76.4], "max": [85.9, 86.7, 87.1, 86.7, 85.9, 86.1, 85.4, 86.8, 85.1, 85.7, 86.1, 83.6], "sum": [833.9, 836.9, 833.7, 820.6, 813.4000000000001, 819.3000000000001, 824.6999999999999, 831.4000000000001, 828.2, 815.2, 814.8000000000002, 800.1]}}}
{"meta": {"clock": 1606802645.3475485}, "data": {"/cpu/all/total": {"std": 2.6020504735048218, "num": 10, "min": 76.9, "max": 85.3, "sum": 822.8}}}
{"meta": {"clock": 1606802645.3475723}, "data": {"/cpu/memory/total": {"std": 0.0, "num": 10, "min": 32107.05078125, "max": 32107.05078125, "sum": 321070.5078125}}}
{"meta": {"clock": 1606802645.3475945}, "data": {"/cpu/memory/used": {"std": 17.014034387221546, "num": 10, "min": 27896.69140625, "max": 27938.39453125, "sum": 279144.1796875}}}
{"meta": {"clock": 1606802645.347617}, "data": {"/cpu/memory/mem": {"std": 0.0, "num": 10, "min": 2375.26953125, "max": 2375.26953125, "sum": 23752.6953125}}}
{"meta": {"clock": 1606802665.3678606},