{"initial_reset_timestamp": 1606637091.7924454, "timestamps": [1606637110.3283167, 1606637127.9076731, 1606637145.1776278, 1606637162.9088674, 1606637180.4947634, 1606637198.7101781, 1606637216.163159, 1606637233.645189, 1606637251.0162892, 1606637268.282416, 1606637285.7150903, 1606637302.9808552, 1606637320.2644444, 1606637337.7799094, 1606637355.3139246, 1606637372.6681113, 1606637390.19782, 1606637407.5494297, 1606637424.8841023, 1606637442.1675215, 1606637459.3385327, 1606637476.615624, 1606637494.0190911, 1606637511.3867404, 1606637528.7856615, 1606637546.153868, 1606637563.7867477, 1606637581.386879, 1606637598.8227403, 1606637616.4065406, 1606637633.9921384, 1606637651.7215767, 1606637669.5082562, 1606637687.2621052, 1606637704.979519, 1606637722.4485748, 1606637740.2684057, 1606637757.999639, 1606637775.7210796, 1606637793.522432, 1606637811.4277432, 1606637829.7775083, 1606637849.427879, 1606637867.9325225, 1606637886.533224, 1606637905.3077548, 1606637924.661404, 1606637944.0808718, 1606637962.150339, 1606637980.0378008, 1606637998.95883, 1606638017.00665, 1606638034.7237794, 1606638052.1885934, 1606638070.2762825, 1606638089.1602225, 1606638107.8386068, 1606638126.7188005, 1606638145.5031035, 1606638163.2435627, 1606638181.9066336, 1606638200.5463939, 1606638219.5482776, 1606638238.4369142, 1606638257.3083627, 1606638275.5221117, 1606638293.5586772, 1606638312.3659947, 1606638331.1978693, 1606638349.8545892, 1606638368.3918297, 1606638387.1732547, 1606638405.3268704, 1606638423.7948964, 1606638442.2802384, 1606638460.065162, 1606638477.9683702, 1606638497.5291407, 1606638517.2201698, 1606638538.5718443, 1606638561.118461, 1606638584.2325952, 1606638606.7752242, 1606638629.1167305, 1606638648.5996687, 1606638667.185763, 1606638684.8118224, 1606638702.471626, 1606638720.1605976, 1606638737.9079173, 1606638756.1137261, 1606638774.334007, 1606638792.243883, 1606638809.4779305, 1606638826.9306824, 1606638844.0625117, 1606638860.960476, 1606638877.8611264, 1606638894.7944577, 1606638911.8903189], "episode_lengths": [1000, 1000, 1000, 1000, 1000, 1000, 1000, 1000, 1000, 1000, 1000, 1000, 1000, 1000, 1000, 1000, 1000, 1000, 1000, 1000, 1000, 1000, 1000, 1000, 1000, 1000, 1000, 1000, 1000, 1000, 1000, 1000, 1000, 1000, 1000, 1000, 1000, 1000, 1000, 1000, 1000, 1000, 1000, 1000, 1000, 1000, 1000, 1000, 1000, 1000, 1000, 1000, 1000, 1000, 1000, 1000, 1000, 1000, 1000, 1000, 1000, 1000, 1000, 1000, 1000, 1000, 1000, 1000, 1000, 1000, 1000, 1000, 1000, 1000, 1000, 1000, 1000, 1000, 1000, 1000, 1000, 1000, 1000, 1000, 1000, 1000, 1000, 1000, 1000, 1000, 1000, 1000, 1000, 1000, 1000, 1000, 1000, 1000, 1000, 1000], "episode_rewards": [581.7023160814535, 567.014279395341, 570.6735180454142, 562.3220178099243, 592.9976274108705, 585.6128109635373, 623.2904952672237, 583.915695851707, 560.3951094338266, 583.5176901818726, 591.1223272999923, 577.5751805029587, 586.3156430020914, 589.039785013614, 591.363739221907, 585.8755870690152, 583.8576659741375, 591.3969934705591, 610.8575819543939, 582.5114356301275, 585.8893516247769, 577.5747396151776, 588.3805845891234, 574.2634558690562, 585.9899468922061, 567.0696262218132, 561.4348116573519, 589.8380394134016, 590.5468764453611, 586.2380370874013, 556.2364842017756, 580.1872499624261, 576.4229404560602, 585.4101620377241, 557.0124766849743, 629.1896276920176, 589.8565691386871, 569.5744839728118, 652.4699032771937, 560.7680935760418, 589.9061953113896, 639.4294265382625, 587.8478674228827, 650.482567577209, 583.5891886567358, 607.4461325811487, 582.7328270356619, 582.1992620111741, 581.8406982861244, 589.1161828557197, 581.9588048509019, 590.1016739401175, 587.2899026096323, 580.3331891003912, 584.936233778693, 627.156274970834, 589.3742647767335, 575.6014413413905, 587.8305398185247, 590.7579202443033, 585.0231875038828, 587.6744983515969, 657.1925973416456, 580.2165693816427, 582.8537438247191, 586.0836066571397, 572.9147182540963, 553.5847752081321, 538.9178563490627, 629.5135661841288, 607.7784347800124, 649.5143017859185, 646.6095068051048, 591.7050294537146, 650.2642188409988, 586.6194444437334, 575.0406487761333, 569.2630178636492, 588.954943294683, 576.4789590147983, 616.7460457835301, 587.8605287850555, 657.690275322792, 576.8906523893493, 651.4196281902825, 594.7862406899379, 611.6394167938865, 586.8974347243958, 577.9051992247827, 558.8572529033987, 593.4522964545137, 550.0558650559693, 590.6972321837128, 640.615082990152, 585.2953958389836, 571.3091592588409, 584.118155081246, 558.5691767343545, 573.3774390531478, 582.135791244529], "episode_types": ["t", "t", "t", "t", "t", "t", "t", "t", "t", "t", "t", "t", "t", "t", "t", "t", "t", "t", "t", "t", "t", "t", "t", "t", "t", "t", "t", "t", "t", "t", "t", "t", "t", "t", "t", "t", "t", "t", "t", "t", "t", "t", "t", "t", "t", "t", "t", "t", "t", "t", "t", "t", "t", "t", "t", "t", "t", "t", "t", "t", "t", "t", "t", "t", "t", "t", "t", "t", "t", "t", "t", "t", "t", "t", "t", "t", "t", "t", "t", "t", "t", "t", "t", "t", "t", "t", "t", "t", "t", "t", "t", "t", "t", "t", "t", "t", "t", "t", "t", "t", "t", "t"]}