# {"t_start": 1606802151.7122276, "env_id": "DMBenchCartpoleSwingup-v0"} 
r,l,t
802.937279,1000,176.188758
805.342336,1000,197.364048
