{"initial_reset_timestamp": 1606812793.2526, "timestamps": [1606812815.8523335, 1606812835.1559129, 1606812854.8851993, 1606812873.9181812, 1606812893.0168335, 1606812912.1881886, 1606812931.30751, 1606812950.1992538, 1606812969.437348, 1606812988.3540878, 1606813007.5409725, 1606813027.0646381, 1606813046.5519292, 1606813065.8368077, 1606813085.005748, 1606813104.1173484, 1606813123.4236145, 1606813142.586757, 1606813161.5313218, 1606813180.5860693, 1606813199.3279605, 1606813220.171524, 1606813240.9606433, 1606813259.9207678, 1606813279.1173074, 1606813298.406633, 1606813317.5036323, 1606813336.7137902, 1606813355.8226988, 1606813374.605796, 1606813393.7588606, 1606813412.550027, 1606813432.1482475, 1606813451.255639, 1606813470.6584775, 1606813489.8647125, 1606813508.9157429, 1606813528.074024, 1606813547.17315, 1606813566.2095518, 1606813585.2146235, 1606813604.2847033, 1606813623.2705467, 1606813642.3950717, 1606813661.3290482, 1606813680.4650047, 1606813699.4549243, 1606813718.6898563, 1606813737.6163511, 1606813756.8486433, 1606813776.0861113, 1606813795.5124502, 1606813814.7309778, 1606813833.8973851, 1606813853.0606277, 1606813872.3734865, 1606813891.4820359, 1606813910.2790346, 1606813929.2874284, 1606813948.6313643, 1606813967.5930636, 1606813987.0612223, 1606814006.1539462, 1606814025.186777, 1606814044.0287526, 1606814063.0621588, 1606814082.3815825, 1606814101.4435804, 1606814120.2919946, 1606814139.4484382, 1606814158.1804907, 1606814177.3377488, 1606814196.8282585, 1606814216.1110792, 1606814235.3898218, 1606814254.6214678, 1606814273.7218199, 1606814294.5147076, 1606814316.9135945, 1606814336.3595095, 1606814355.4673948, 1606814375.0890253, 1606814394.359702, 1606814413.62333, 1606814432.767466, 1606814451.955046, 1606814470.8931055, 1606814490.0306182, 1606814508.974002, 1606814528.1856515, 1606814546.9886127, 1606814565.8502195, 1606814584.4632804, 1606814603.649469, 1606814622.8436363, 1606814642.074632, 1606814661.399248, 1606814680.2390797, 1606814699.346239, 1606814718.7135406], "episode_lengths": [1000, 1000, 1000, 1000, 1000, 1000, 1000, 1000, 1000, 1000, 1000, 1000, 1000, 1000, 1000, 1000, 1000, 1000, 1000, 1000, 1000, 1000, 1000, 1000, 1000, 1000, 1000, 1000, 1000, 1000, 1000, 1000, 1000, 1000, 1000, 1000, 1000, 1000, 1000, 1000, 1000, 1000, 1000, 1000, 1000, 1000, 1000, 1000, 1000, 1000, 1000, 1000, 1000, 1000, 1000, 1000, 1000, 1000, 1000, 1000, 1000, 1000, 1000, 1000, 1000, 1000, 1000, 1000, 1000, 1000, 1000, 1000, 1000, 1000, 1000, 1000, 1000, 1000, 1000, 1000, 1000, 1000, 1000, 1000, 1000, 1000, 1000, 1000, 1000, 1000, 1000, 1000, 1000, 1000, 1000, 1000, 1000, 1000, 1000, 1000], "episode_rewards": [810.8095408973052, 811.3299924108222, 810.6776600886009, 809.9542702264448, 809.8921041476405, 809.9828852355812, 811.3755442180897, 810.7388776173345, 810.6914174716261, 811.4534501896151, 810.7767510392677, 811.102930383966, 810.5510263189238, 810.6047751724336, 810.6129388341112, 809.1290405904134, 811.2249223974436, 810.541988186768, 809.8872491535452, 810.1611262304416, 809.7557123557244, 810.6790723280202, 812.0083745249135, 812.064691397369, 812.8481977027832, 810.5319917096616, 811.131552879309, 812.9106260494401, 810.6800169915663, 809.5868337507613, 809.9982696393184, 811.3837509407693, 810.9545283684324, 810.2120202332327, 811.0265854605694, 811.2868147025495, 811.3261569098911, 810.3290802549519, 810.2026033704744, 810.0700885307647, 811.2162398614598, 811.4312946273797, 809.8960444844924, 811.876589231542, 810.0744268878918, 811.4452215451593, 810.3109908137759, 809.424070306097, 811.8393801197693, 809.5620526426384, 810.2686735056412, 810.226395369091, 810.2299486841459, 810.9836385831184, 811.1206392995605, 810.6196097052328, 811.2208822661927, 810.8056214336146, 811.3455285152085, 810.1702104826521, 811.6564286531456, 810.5653093941808, 811.1821748108679, 810.9358815999416, 811.7138121161548, 810.4064229443424, 810.7854875249047, 811.0250263613032, 809.6680817031814, 811.1873441823107, 811.6418413049435, 810.8181194302276, 810.3749621972314, 812.3172261215759, 810.5322086978243, 811.0128386645819, 811.1861604207365, 810.8998104501474, 811.8077804341291, 810.685232020675, 810.7352915444885, 811.9780263619845, 809.6160602327932, 810.6984778814779, 808.9574748027538, 813.3062678202057, 811.1293905118276, 811.5863456071875, 811.575250417727, 811.2393764576417, 810.3616086557789, 811.374235488084, 810.4737260684789, 810.4595214411596, 811.2707297529959, 812.3811962209151, 811.4649364281806, 810.8809223811635, 810.3872614970577, 811.4792659362681], "episode_types": ["t", "t", "t", "t", "t", "t", "t", "t", "t", "t", "t", "t", "t", "t", "t", "t", "t", "t", "t", "t", "t", "t", "t", "t", "t", "t", "t", "t", "t", "t", "t", "t", "t", "t", "t", "t", "t", "t", "t", "t", "t", "t", "t", "t", "t", "t", "t", "t", "t", "t", "t", "t", "t", "t", "t", "t", "t", "t", "t", "t", "t", "t", "t", "t", "t", "t", "t", "t", "t", "t", "t", "t", "t", "t", "t", "t", "t", "t", "t", "t", "t", "t", "t", "t", "t", "t", "t", "t", "t", "t", "t", "t", "t", "t", "t", "t", "t", "t", "t", "t", "t", "t"]}