{"initial_reset_timestamp": 1606807279.0496373, "timestamps": [1606807435.3576314], "episode_lengths": [1002], "episode_rewards": [832.1044029056353], "episode_types": ["t", "t", "t"]}