{"meta": {"clock": 1606821352.083613}, "data": {"/cpu/per": {"std": [6.592158641564652, 5.9462499854016295, 6.553065440438286, 7.652951500347213, 7.863869559221113, 7.316921028228566, 7.318803788112428, 6.231149350017391, 7.649553363868157, 6.802524041363865, 7.519278925239808, 7.56779727236107], "num": 10, "min": [76.4, 76.6, 76.0, 74.1, 75.1, 75.5, 75.8, 75.3, 75.5, 74.5, 73.5, 73.2], "max": [97.5, 94.0, 96.5, 99.0, 98.5, 98.5, 98.5, 92.5, 97.0, 94.5, 95.0, 94.9], "sum": [829.0999999999999, 827.3, 831.4, 828.1, 824.6, 823.8000000000001, 835.3999999999999, 815.4999999999999, 821.7, 819.9, 827.1999999999999, 810.4000000000001]}}}
{"meta": {"clock": 1606821352.0836537}, "data": {"/cpu/all/total": {"std": 6.793493619306312, "num": 10, "min": 76.6, "max": 96.4, "sum": 824.6}}}
{"meta": {"clock": 1606821352.0836864}, "data": {"/cpu/memory/total": {"std": 0.0, "num": 10, "min": 32107.05078125, "max": 32107.05078125, "sum": 321070.5078125}}}
{"meta": {"clock": 1606821352.0837197}, "data": {"/cpu/memory/used": {"std": 1214.640150529679, "num": 10, "min": 22808.7109375, "max": 26314.625, "sum": 254954.62109375}}}
{"meta": {"clock": 1606821352.0837502}, "data": {"/cpu/memory/mem": {"std": 531.4349348095031, "num": 10, "min": 497.59765625, "max": 2211.33203125, "sum": 19997.046875}}}
{"meta": {"clock": 1606821372.100387}, "data": {"/cpu/per": {"std": [4.239025045141078, 4.460704976670041, 3.1541859312489637, 3.6110324777763414, 3.8340579025361596, 3.4603146934603792, 4.00255473971868, 3.282207928954059, 3.911464630487607, 4.365317857842656, 2.8883674743125556, 5.057546616471051], "num": 10, "min": [72.4, 69.7, 71.9, 71.1, 72.7, 71.6, 71.7, 72.7, 73.3, 67.5, 73.6, 69.7], "max": [86.7, 86.2, 83.5, 82.7, 87.0, 82.7, 85.9, 83.8, 86.4, 82.3, 83.3, 86.7], "sum": [796.4, 785.7, 784.0000000000001, 788.1999999999999, 790.0, 783.4, 785.6000000000001, 779.8000000000001, 787.1999999999999, 778.6, 776.4000000000001, 789.1]}}}
{"meta": {"clock": 1606821372.1004374}, "data": {"/cpu/all/total": {"std": 3.502760815889851, "num": 10, "min": 71.5, "max": 83.2, "sum": 785.4}}}
{"meta": {"clock": 1606821372.100474}, "data": {"/cpu/memory/total": {"std": 0.0, "num": 10, "min": 32107.05078125, "max": 32107.05078125, "sum": 321070.5078125}}}
{"meta": {"clock": 1606821372.1005049}, "data": {"/cpu/memory/used": {"std": 3.6136361969054205, "num": 10, "min": 26264.203125, "max": 26275.0, "sum": 262690.5078125}}}
{"meta": {"clock": 1606821372.1005342}, "data": {"/cpu/memory/mem": {"std": 0.0, "num": 10, "min": 2211.33203125, "max": 2211.33203125, "sum": 22113.3203125}}}
{"meta": {"clock": 1606821392.1144016}, "data": {"/cpu/per": {"std": [2.0590181047177647, 2.6268697045046716, 3.4271627397082325, 1.612486003384561, 2.0044672331791538, 2.015743590395917, 2.6718491308039427, 2.6579858707090347, 3.094241964251235, 2.573885951025977, 2.2897112869918312, 1.958485809666914], "num": 10, "min": [73.7, 72.3, 69.7, 75.0, 75.1, 72.1, 70.0, 71.4, 69.8, 71.1, 72.7, 74.6], "max": [81.1, 81.9, 81.3, 79.5, 80.9, 79.1, 79.3, 80.1, 80.9, 79.9, 80.2, 80.3], "sum": [777.7999999999998, 779.6, 775.0999999999999, 775.3000000000001, 784.3, 771.8999999999999, 771.8999999999999, 766.4000000000001, 773.1, 777.4000000000001, 767.4999999999999, 773.3000000000001]}}}
{"meta": {"clock": 1606821392.1144328}, "data": {"/cpu/all/total": {"std": 1.9144189719076632, "num": 10, "min": 72.5, "max": 79.3, "sum": 774.5}}}
{"meta": {"clock": 1606821392.1144564}, "data": {"/cpu/memory/total": {"std": 0.0, "num": 10, "min": 32107.05078125, "max": 32107.05078125, "sum": 321070.5078125}}}
{"meta": {"clock": 1606821392.1144786}, "data": {"/cpu/memory/used": {"std": 2.7083501101243197, "num": 10, "min": 26290.765625, "max": 26299.98046875, "sum": 262973.3125}}}
{"meta": {"clock": 1606821392.1145005}, "data": {"/cpu/memory/mem": {"std": 0.31982543634469235, "num": 10, "min": 2211.46875, "max": 2212.53125, "sum": 22123.60546875}}}
{"meta": {"clock": 1606821412.1269631}, "data": {"/cpu/per": {"std": [2.156540439376614, 1.9048476171191357, 2.3616378497418538, 2.419848480105036, 2.2009089031579636, 3.2375573782989178, 2.1306232786571084, 2.4454947238635474, 2.0370185184343437, 2.165384235854894, 1.9211107897949748, 1.659350609257868], "num": 10, "min": [75.0, 75.0, 75.1, 74.1, 72.0, 71.9, 75.1, 72.3, 73.6, 72.0, 72.2, 74.2], "max": [81.7, 81.2, 83.0, 82.1, 79.8, 81.9, 81.4, 80.8, 80.7, 79.3, 78.9, 80.0], "sum": [783.2, 781.8, 786.1999999999999, 781.3, 762.8, 774.8, 783.8, 780.4, 776.4999999999999, 763.0, 758.1999999999999, 772.6999999999998]}}}
{"meta": {"clock": 1606821412.1270077}, "data": {"/cpu/all/total": {"std": 1.6309847059709353, "num": 10, "min": 73.9, "max": 79.3, "sum": 775.2999999999998}}}
{"meta": {"clock": 1606821412.1270456}, "data": {"/cpu/memory/total": {"std": 0.0, "num": 10, "min": 32107.05078125, "max": 32107.05078125, "sum": 321070.5078125}}}
{"meta": {"clock": 1606821412.1270928}, "data": {"/cpu/memory/used": {"std": 4.835880073366622, "num": 10, "min": 26295.9375, "max": 26310.671875, "sum": 263008.6875}}}
{"meta": {"clock": 1606821412.12714}, "data": {"/cpu/memory/mem": {"std": 0.6115059395951574, "num": 10, "min": 2212.53125, "max": 2213.953125, "sum": 22134.66796875}}}
