# {"t_start": 1606804260.2253454, "env_id": "DMBenchCartpoleSwingup-v0"} 
r,l,t
804.523465,1000,788.976315
804.051476,1000,1041.350509
804.6686,1000,1164.767908
